SELECT * FROM dbo.ADM_OPCION

SELECT * FROM dbo.ADM_GRUPO 
SELECT * FROM dbo.ADM_OPCION WHERE Id_Grupo='004'
INSERT INTO dbo.ADM_OPCION ( Id_Opcion ,  Opc_Descripcion ,   Opc_Nombre_Frm , Id_Grupo ,   Opc_Estado ,  Icono )
					VALUES ( '0066' , 'Venta Manual' , 'frm_venta_administrativa' , '004' ,'0001' , 'pincomercial16' )
INSERT INTO dbo.ADM_OPCION ( Id_Opcion ,  Opc_Descripcion ,   Opc_Nombre_Frm , Id_Grupo ,   Opc_Estado ,  Icono )
					VALUES ( '0067' , 'Nota Credito' , 'frm_nota_credito' , '004' ,'0001' , 'pincomercial16' )


SELECT * FROM dbo.ADM_OPCION WHERE Id_Grupo='002'
INSERT INTO dbo.ADM_OPCION ( Id_Opcion ,  Opc_Descripcion ,   Opc_Nombre_Frm , Id_Grupo ,   Opc_Estado ,  Icono )
					VALUES ( '0068' , 'Unidad de medida' , 'frm_unidad_medida_busqueda' , '002' ,'0001' , 'pincomercial16' )

SELECT * FROM dbo.GNL_GENERAL_CAB

INSERT INTO dbo.GNL_GENERAL_CAB ( Id_General , Gen_Descripcion , Gen_Abreviadio )
VALUES ( '3003' , 'ESTADOS DE ACEPTACION DE LA SUNAT' , 'EAS' )
 
INSERT INTO dbo.GNL_GENERAL_DET ( Id_General ,Id_General_Det , Gen_Codigo_Interno ,    Gen_Descripcion_Det )
VALUES ( '3003' ,'4104' , '' , 'SIN XML'  )
INSERT INTO dbo.GNL_GENERAL_DET ( Id_General ,Id_General_Det , Gen_Codigo_Interno ,    Gen_Descripcion_Det )
VALUES ( '3003' ,'4105' , '' , 'SIN ENVIAR'  )
INSERT INTO dbo.GNL_GENERAL_DET ( Id_General ,Id_General_Det , Gen_Codigo_Interno ,    Gen_Descripcion_Det )
VALUES ( '3003' ,'4106' , '' , 'ENVIADO'  )
INSERT INTO dbo.GNL_GENERAL_DET ( Id_General ,Id_General_Det , Gen_Codigo_Interno ,    Gen_Descripcion_Det )
VALUES ( '3003' ,'4107' , '' , 'ACEPTADO'  )
INSERT INTO dbo.GNL_GENERAL_DET ( Id_General ,Id_General_Det , Gen_Codigo_Interno ,    Gen_Descripcion_Det )
VALUES ( '3003' ,'4108' , '' , 'RECHAZADO'  )
INSERT INTO dbo.GNL_GENERAL_DET ( Id_General ,Id_General_Det , Gen_Codigo_Interno ,    Gen_Descripcion_Det )
VALUES ( '3003' ,'4110' , '' , 'ENVIADO-RESUMEN'  )
INSERT INTO dbo.GNL_GENERAL_DET ( Id_General ,Id_General_Det , Gen_Codigo_Interno ,    Gen_Descripcion_Det )
VALUES ( '3003' ,'4111' , '' , 'ACEPTADO-RESUMEN'  )
INSERT INTO dbo.GNL_GENERAL_DET ( Id_General ,Id_General_Det , Gen_Codigo_Interno ,    Gen_Descripcion_Det )
VALUES ( '3003' ,'4112' , '' , 'RECHAZADO-RESUMEN'  )
INSERT INTO dbo.GNL_GENERAL_DET ( Id_General ,Id_General_Det , Gen_Codigo_Interno ,    Gen_Descripcion_Det )
VALUES ( '3003' ,'4113' , '' , 'GENERADO-BAJA'  )
INSERT INTO dbo.GNL_GENERAL_DET ( Id_General ,Id_General_Det , Gen_Codigo_Interno ,    Gen_Descripcion_Det )
VALUES ( '3003' ,'4114' , '' , 'ENVIADO-BAJA'  )
INSERT INTO dbo.GNL_GENERAL_DET ( Id_General ,Id_General_Det , Gen_Codigo_Interno ,    Gen_Descripcion_Det )
VALUES ( '3003' ,'4115' , '' , 'ACEPTADO-BAJA'  )
INSERT INTO dbo.GNL_GENERAL_DET ( Id_General ,Id_General_Det , Gen_Codigo_Interno ,    Gen_Descripcion_Det )
VALUES ( '3003' ,'4116' , '' , 'RECHAZADO-BAJA'  )
INSERT INTO dbo.GNL_GENERAL_DET ( Id_General ,Id_General_Det , Gen_Codigo_Interno ,    Gen_Descripcion_Det )
VALUES ( '3003' ,'4117' , '' , 'ERROR DE XML'  ) 




 INSERT INTO dbo.GNL_GENERAL_CAB ( Id_General , Gen_Descripcion , Gen_Abreviadio )
VALUES ( '0513' , 'TIPO NOTA DE CREDITO' , 'TPNC' )
 
 
 INSERT INTO dbo.GNL_GENERAL_DET ( Id_General ,Id_General_Det , Gen_Codigo_Interno ,    Gen_Descripcion_Det )
VALUES ( '0513' ,'0568' , '01    ' , 'POR ANULACION'  )
INSERT INTO dbo.GNL_GENERAL_DET ( Id_General ,Id_General_Det , Gen_Codigo_Interno ,    Gen_Descripcion_Det )
VALUES ( '0513' ,'0569' , '02' , 'POR DEVOLUCION'  )
INSERT INTO dbo.GNL_GENERAL_DET ( Id_General ,Id_General_Det , Gen_Codigo_Interno ,    Gen_Descripcion_Det )
VALUES ( '0513' ,'0570' , '03' , 'POR DESCUENTO'  )
INSERT INTO dbo.GNL_GENERAL_DET ( Id_General ,Id_General_Det , Gen_Codigo_Interno ,    Gen_Descripcion_Det )
VALUES ( '0513' ,'0571' , '04' , 'OTROS'  )

 INSERT INTO dbo.GNL_GENERAL_CAB ( Id_General , Gen_Descripcion , Gen_Abreviadio )
VALUES ( '0516' , 'ESTADO DE FACTURACION DE LA VENTA' , 'ESFA' )

 INSERT INTO dbo.GNL_GENERAL_DET ( Id_General ,Id_General_Det , Gen_Codigo_Interno ,    Gen_Descripcion_Det )
VALUES ( '0516' ,'0585' , '01    ' , 'PENDIENTE'  )
 
  INSERT INTO dbo.GNL_GENERAL_DET ( Id_General ,Id_General_Det , Gen_Codigo_Interno ,    Gen_Descripcion_Det )
VALUES ( '0516' ,'0586' , '02    ' , 'AMORTIZADO'  )

  INSERT INTO dbo.GNL_GENERAL_DET ( Id_General ,Id_General_Det , Gen_Codigo_Interno ,    Gen_Descripcion_Det )
VALUES ( '0516' ,'0587' , '03    ' , 'CANCELADO'  )




UPDATE dbo.ADM_OPCION
SET Opc_Nombre_Frm='frm_venta_administrativa'
WHERE Id_Opcion='0066'
GO

UPDATE dbo.ADM_OPCION
SET Opc_Nombre_Frm='frm_nota_credito'
WHERE Id_Opcion='0067'
GO


-- SELECT * FROM dbo.ADM_OPCION
--WHERE Opc_Descripcion='Egresos / Ingresos de Caja'
UPDATE dbo.ADM_OPCION
SET Opc_Descripcion='Productos por Proveedor',
    Opc_Nombre_Frm='frm_consulta_producto_por_proveedor'
WHERE Id_Opcion='0017'




ALTER TABLE dbo.VEN_MOVIMIENTO_CAB
ALTER COLUMN Ven_Isc BIT ;

ALTER TABLE dbo.VEN_MOVIMIENTO_CAB
ALTER COLUMN Ven_Otros_Tributos BIT ;

--Vnt_FactElectronica_EsElectronico,Vnt_FactElectronica_Estado
ALTER TABLE dbo.VEN_MOVIMIENTO_CAB
ADD   Ven_FactElectronica_EsElectronico BIT ;

ALTER TABLE dbo.VEN_MOVIMIENTO_CAB
ADD    Ven_FactElectronica_Estado VARCHAR(4) ;

ALTER TABLE dbo.VEN_MOVIMIENTO_CAB
ADD   Est_Facturacion VARCHAR(4) ;

UPDATE VEN_MOVIMIENTO_CAB
SET Est_Facturacion='0587'


ALTER TABLE dbo.VEN_MOVIMIENTO_DET
ADD Ven_Tipo_Operacion CHAR(4)

ALTER TABLE dbo.VEN_MOVIMIENTO_DET
ADD Ven_Afecto_IGV_FE VARCHAR(2) 





ALTER TABLE dbo.VEN_MOVIMIENTO_DET
ADD Adm_Valor_Venta DECIMAL(18,4)

ALTER TABLE dbo.VEN_MOVIMIENTO_DET
ADD Adm_IgvTasa DECIMAL(18,4)

ALTER TABLE dbo.VEN_MOVIMIENTO_DET
ADD Adm_Subtotal DECIMAL(18,4)

ALTER TABLE dbo.VEN_MOVIMIENTO_DET
ADD Adm_IgvTotal DECIMAL(18,4)
 

 ALTER TABLE dbo.VEN_MOVIMIENTO_CAB
ADD    XML_DigestValue VARCHAR(80) ;

ALTER TABLE dbo.VEN_MOVIMIENTO_CAB
ADD    XML_SignatureValue VARCHAR(max) ;




ALTER TABLE dbo.CTB_MOVIMIENTO_CONTABLE_CAB
ADD  Est_Facturacion CHAR(4)

UPDATE CTB_MOVIMIENTO_CONTABLE_CAB
SET Est_Facturacion='0587'
WHERE Id_Libro='008'





ALTER TABLE CTB_MOVIMIENTO_ADM_CONTABLE_DET
ADD Ven_Afecto_IGV_FE VARCHAR(2) 


UPDATE dbo.VEN_MOVIMIENTO_DET 
SET Ven_Tipo_Operacion='0565'


ALTER TABLE dbo.CTB_MOVIMIENTO_INVENTARIO_CAB 
ADD Inv_Condicion CHAR(4)

ALTER TABLE dbo.CTB_MOVIMIENTO_INVENTARIO_CAB 
ADD Inv_Est_Facturacion CHAR(4)

UPDATE dbo.CTB_MOVIMIENTO_INVENTARIO_CAB 
SET Inv_Condicion='0006'

UPDATE dbo.CTB_MOVIMIENTO_INVENTARIO_CAB 
SET Inv_Est_Facturacion='0587'
 

CREATE TABLE [dbo].[VEN_MOVIMIENTO_NC_CAB](
	[Id_Empresa] [CHAR](3) NOT NULL,
	[Id_Anio] [CHAR](4) NOT NULL,
	[Id_Periodo] [CHAR](2) NOT NULL,
	[Id_Pdv_Codigo] [CHAR](2) NOT NULL,
	[Id_Movimiento] [CHAR](10) NOT NULL,
	[Ven_Motivo_Cod] [VARCHAR](4) NULL,
	[Ven_Glosa] [VARCHAR](300) NULL,
	[Ven_Tipo_Doc] [CHAR](3) NULL,
	[Ven_Serie] [CHAR](4) NULL,
	[Ven_Numero] [CHAR](8) NULL,
	[Ven_Fecha_Movimiento] [DATE] NULL,
	[Ven_Fecha_Vencimiento] [DATE] NULL,
	[Ven_Tipo_Ent] [CHAR](1) NULL,
	[Ven_Ruc_dni] [CHAR](11) NULL,
	[Ven_Condicion_Cod] [CHAR](4) NULL,
	[Ven_Moneda_Cod] [CHAR](3) NULL,
	[Ven_Tipo_Cambio_Cod] [CHAR](3) NULL,
	[Ven_Tipo_Cambio_Desc] [VARCHAR](50) NULL,
	[Ven_Tipo_Cambio_Valor] [DECIMAL](10, 4) NULL,
	[Ven_Igv_Tasa] [DECIMAL](18, 4) NULL,
	[Ven_Base_Imponible] [DECIMAL](18, 4) NULL,
	[Ven_Igv] [DECIMAL](18, 4) NULL,
	[Ven_Valor_Fact_Exonerada] [DECIMAL](18, 4) NULL,
	[Ven_Exonerada] [DECIMAL](18, 4) NULL,
	[Ven_Inafecta] [DECIMAL](18, 4) NULL,
	[Ven_Isc] [BIT] NULL,
	[Ven_Isc_Importe] [DECIMAL](18, 4) NULL,
	[Ven_Otros_Tributos] [BIT] NULL,
	[Ven_Otros_Tributos_Importe] [DECIMAL](18, 4) NULL,
	[Ven_Importe_Total] [DECIMAL](18, 4) NULL,
	[Ven_Analisis] [CHAR](4) NULL,
	[Cja_Codigo] [CHAR](3) NULL,
	[Cja_Aper_Cierre_Codigo] [INT] NULL,
	[Cja_Aper_Cierre_Codigo_Item] [INT] NULL,
	[Cja_Estado] [CHAR](4) NULL,
	[Ven_Estado] [CHAR](4) NULL,
	[Id_Libro] [CHAR](3) NULL,
	[Id_Voucher] [CHAR](10) NULL,
	[Usuario_Crea] [VARCHAR](50) NULL,
	[Fecha_Crea] [DATETIME] NULL,
	[Maquina_Crea] [VARCHAR](50) NULL,
	[Usuario_Modi] [VARCHAR](50) NULL,
	[Fecha_Modi] [DATETIME] NULL,
	[Maquina_Modi] [VARCHAR](50) NULL,
	[Ven_FactElectronica_EsElectronico] [BIT] NULL,
	[Ven_FactElectronica_Estado] [VARCHAR](4) NULL,
 CONSTRAINT [PK_VEN_MOVIMIENTO_NC_CAB] PRIMARY KEY CLUSTERED 
(
	[Id_Empresa] ASC,
	[Id_Anio] ASC,
	[Id_Periodo] ASC,
	[Id_Pdv_Codigo] ASC,
	[Id_Movimiento] ASC
)WITH (PAD_INDEX = OFF, STATISTICS_NORECOMPUTE = OFF, IGNORE_DUP_KEY = OFF, ALLOW_ROW_LOCKS = ON, ALLOW_PAGE_LOCKS = ON) ON [PRIMARY]
) ON [PRIMARY]

GO


CREATE TABLE [dbo].[VEN_MOVIMIENTO_NC_DET](
	[Id_Empresa] [CHAR](3) NOT NULL,
	[Id_Anio] [CHAR](4) NOT NULL,
	[Id_Periodo] [CHAR](2) NOT NULL,
	[Id_Pdv_Codigo] [CHAR](2) NOT NULL,
	[Id_Movimiento] [CHAR](10) NOT NULL,
	[Adm_Item] [INT] NOT NULL,
	[Adm_Centro_CG] [CHAR](3) NULL,
	[Adm_Tipo_BSA] [CHAR](4) NULL,
	[Adm_Catalogo] [CHAR](10) NULL,
	[Adm_Almacen] [CHAR](2) NULL,
	[Adm_Cantidad] [DECIMAL](18, 4) NULL,
	[Adm_Valor_Unit] [DECIMAL](18, 4) NULL,
	[Adm_Total] [DECIMAL](18, 4) NULL,
	[Adm_Unm_Id] [CHAR](3) NULL,
	[Adm_Tiene_Lote] [BIT] NULL,
	[Adm_Lote] [VARCHAR](30) NULL,
	[Adm_FechaFabricacion] [DATE] NULL,
	[Adm_FechaVencimiento] [DATE] NULL,
	[Adm_CantidadAtendidaEnBaseAlCoefciente] [DECIMAL](18, 4) NULL,
	[Ven_Tipo_Operacion] [CHAR](4) NULL,
	[Ven_Afecto_IGV_FE] [VARCHAR](2) NULL,
 CONSTRAINT [PK_VEN_MOVIMIENTO_NC_DET] PRIMARY KEY CLUSTERED 
(
	[Id_Empresa] ASC,
	[Id_Anio] ASC,
	[Id_Periodo] ASC,
	[Id_Pdv_Codigo] ASC,
	[Id_Movimiento] ASC,
	[Adm_Item] ASC
)WITH (PAD_INDEX = OFF, STATISTICS_NORECOMPUTE = OFF, IGNORE_DUP_KEY = OFF, ALLOW_ROW_LOCKS = ON, ALLOW_PAGE_LOCKS = ON) ON [PRIMARY]
) ON [PRIMARY]

GO
 
ALTER TABLE [dbo].[VEN_MOVIMIENTO_NC_DET]  WITH CHECK ADD  CONSTRAINT [FK_VEN_MOVIMIENTO_DET_VEN_MOVIMIENTO_NC_CAB] FOREIGN KEY([Id_Empresa], [Id_Anio], [Id_Periodo], [Id_Pdv_Codigo], [Id_Movimiento])
REFERENCES [dbo].[VEN_MOVIMIENTO_NC_CAB] ([Id_Empresa], [Id_Anio], [Id_Periodo], [Id_Pdv_Codigo], [Id_Movimiento])
GO

ALTER TABLE [dbo].[VEN_MOVIMIENTO_NC_DET] CHECK CONSTRAINT [FK_VEN_MOVIMIENTO_DET_VEN_MOVIMIENTO_NC_CAB]
GO


CREATE TABLE [dbo].[VEN_MOVIMIENTO_NC_DOCS](
	[Id_Empresa] [CHAR](3) NOT NULL,
	[Id_Anio] [CHAR](4) NOT NULL,
	[Id_Periodo] [CHAR](2) NOT NULL,
	[Id_Pdv_Codigo] [CHAR](2) NOT NULL,
	[Id_Movimiento] [CHAR](10) NOT NULL,
    [Id_Anio_Ref] [CHAR](4) NOT NULL,
	[Id_Periodo_Ref] [CHAR](2) NOT NULL,
	[Id_Pdv_Codigo_Ref] [CHAR](2) NOT NULL,
	[Id_Movimiento_Ref] [CHAR](10) NOT NULL,
 CONSTRAINT [PK_VEN_MOVIMIENTO_NC_DOCS] PRIMARY KEY CLUSTERED 
(
	[Id_Empresa] ASC,
	[Id_Anio] ASC,
	[Id_Periodo] ASC,
	[Id_Pdv_Codigo] ASC,
	[Id_Movimiento] ASC 
)WITH (PAD_INDEX = OFF, STATISTICS_NORECOMPUTE = OFF, IGNORE_DUP_KEY = OFF, ALLOW_ROW_LOCKS = ON, ALLOW_PAGE_LOCKS = ON) ON [PRIMARY]
) ON [PRIMARY]

GO

SELECT * FROM VEN_MOVIMIENTO_CAJA

--DROP TABLE VEN_MOVIMIENTO_CAJA_DET

CREATE TABLE [dbo].[VEN_MOVIMIENTO_CAJA_DET](
	[Id_Empresa] [CHAR](3) NOT NULL,
	[Pdv_Codigo] [CHAR](2) NOT NULL,
	[Cja_Codigo] [CHAR](3) NOT NULL,
	[Cja_Aper_Cierre_Codigo] [INT] NOT NULL,
	[Cja_Movimiento_Item] [INT] NOT NULL,
	[Item] [INT] NOT NULL,
	Anio_Ref CHAR(4) NULL,
	Periodo_Ref CHAR(2) NULL,
	Id_Tipo_Mov_Ref CHAR(4) NULL,
	Id_Almacen_Ref CHAR(2) NULL,
	Id_Movimiento_Ref CHAR(10) NULL,
	Es_Venta_Sin_Ticket BIT NULL,
	Ruc_DNI VARCHAR(15) NULL,
	Total DECIMAL(18,4) NULL,
	TipoDoc VARCHAR(3) NULL,
	Serie VARCHAR(4) NULL,
	Numero VARCHAR(8) null

 CONSTRAINT [PK_VEN_MOVIMIENTO_CAJA_DET] PRIMARY KEY CLUSTERED 
(
	[Id_Empresa] ASC,
	[Pdv_Codigo] ASC,
	[Cja_Codigo] ASC,
	[Cja_Aper_Cierre_Codigo] ASC,
	[Cja_Movimiento_Item] ASC,
	[Item] ASC
)WITH (PAD_INDEX = OFF, STATISTICS_NORECOMPUTE = OFF, IGNORE_DUP_KEY = OFF, ALLOW_ROW_LOCKS = ON, ALLOW_PAGE_LOCKS = ON) ON [PRIMARY]
) ON [PRIMARY]

GO





















ALTER PROC pa_VEN_MOVIMIENTO_DET_INSERTAR
(
@Id_Empresa CHAR(3), 
@Id_Anio CHAR(4), 
@Id_Periodo CHAR(2), 
@Id_Pdv_Codigo CHAR(3), 
@Id_Movimiento CHAR(10), 
@Adm_Item INT, 
@Adm_Centro_CG CHAR(3)=NULL, 
@Adm_Tipo_BSA CHAR(4)=NULL, 
@Adm_Catalogo CHAR(10)=NULL, 
@Adm_Almacen CHAR(2)=NULL, 
@Adm_Cantidad DECIMAL(18,4)=NULL, 
@Adm_Valor_Unit  DECIMAL(18,4)=NULL, 
@Adm_Total  DECIMAL(18,4)=NULL,
@Adm_Unm_Id CHAR(3) =NULL,
@Adm_Tiene_Lote bit =NULL,
@Adm_Lote VARCHAR(30) =NULL,
@Adm_FechaFabricacion DATE =NULL,
@Adm_FechaVencimiento DATE =NULL,
@Adm_CantidadAtendidaEnBaseAlCoefciente DECIMAL(10,4),
@Ven_Tipo_Operacion CHAR(4) = NULL,
@Ven_Afecto_IGV_FE CHAR(2) = NULL,
@Adm_Valor_Venta DECIMAL(18,4)=NULL,
@Adm_IgvTasa DECIMAL(18,4)=NULL,
@Adm_Subtotal DECIMAL(18,4)=NULL,
@Adm_IgvTotal DECIMAL(18,4)=NULL
)
AS
BEGIN
		INSERT INTO dbo.VEN_MOVIMIENTO_DET	
		        ( Id_Empresa ,
		          Id_Anio ,
		          Id_Periodo ,
		          Id_Pdv_Codigo ,
		          Id_Movimiento ,
		          Adm_Item ,
		          Adm_Centro_CG ,
		          Adm_Tipo_BSA ,
		          Adm_Catalogo ,
		          Adm_Almacen ,
		          Adm_Cantidad ,
		          Adm_Valor_Unit ,
		          Adm_Total,
				  Adm_Unm_Id,
				  Adm_Tiene_Lote,
				Adm_Lote ,
				Adm_FechaFabricacion ,
				Adm_FechaVencimiento  ,
				 Adm_CantidadAtendidaEnBaseAlCoefciente,
				 Ven_Tipo_Operacion,
				 Ven_Afecto_IGV_FE,
				Adm_Valor_Venta  ,
				Adm_IgvTasa ,
				Adm_Subtotal  ,
				Adm_IgvTotal  
		        )
		VALUES  ( @Id_Empresa, 
					@Id_Anio, 
					@Id_Periodo, 
					@Id_Pdv_Codigo, 
					@Id_Movimiento, 
					@Adm_Item, 
					@Adm_Centro_CG, 
					@Adm_Tipo_BSA, 
					@Adm_Catalogo, 
					@Adm_Almacen, 
					@Adm_Cantidad, 
					@Adm_Valor_Unit, 
					@Adm_Total,
					@Adm_Unm_Id,
					@Adm_Tiene_Lote,
					@Adm_Lote ,
					@Adm_FechaFabricacion ,
					@Adm_FechaVencimiento,
					@Adm_CantidadAtendidaEnBaseAlCoefciente,
					@Ven_Tipo_Operacion,
					@Ven_Afecto_IGV_FE,
					@Adm_Valor_Venta  ,
					@Adm_IgvTasa ,
					@Adm_Subtotal  ,
					@Adm_IgvTotal
		        )
END
GO


ALTER PROC pa_CTB_MOVIMIENTO_ADM_CONTABLE_DET_INSERTAR
(
@Id_Empresa CHAR(3), 
@Id_Anio CHAR(4), 
@Id_Periodo CHAR(2), 
@Id_Libro CHAR(3), 
@Id_Voucher CHAR(10), 
@Adm_Item INT, 
@Adm_Centro_CG CHAR(3)=NULL, 
@Adm_Tipo_BSA CHAR(4)=NULL, 
@Adm_Catalogo CHAR(10)=NULL, 
@Adm_Almacen CHAR(2)=NULL, 
@Adm_Cantidad DECIMAL(18,4)=NULL, 
@Adm_Valor_Unit  DECIMAL(18,4)=NULL, 
@Adm_Total  DECIMAL(18,4)=NULL,
@Adm_Id_Unm CHAR(3) = NULL,
@Adm_Tiene_Lote BIT = NULL,
@Adm_Tipo_Operacion CHAR(4) = NULL,
@Ven_Afecto_IGV_FE CHAR(2) = NULL
)
AS
BEGIN
		INSERT INTO dbo.CTB_MOVIMIENTO_ADM_CONTABLE_DET
		        ( Id_Empresa ,
		          Id_Anio ,
		          Id_Periodo ,
		          Id_Libro ,
		          Id_Voucher ,
		          Adm_Item ,
		          Adm_Centro_CG ,
		          Adm_Tipo_BSA ,
		          Adm_Catalogo ,
		          Adm_Almacen ,
		          Adm_Cantidad ,
		          Adm_Valor_Unit ,
		          Adm_Total,
				  Adm_Id_Unm,
				  Adm_Tiene_Lote,
				  Adm_Tipo_Operacion,
				  Ven_Afecto_IGV_FE
		        )
		VALUES  ( @Id_Empresa, 
					@Id_Anio, 
					@Id_Periodo, 
					@Id_Libro, 
					@Id_Voucher, 
					@Adm_Item, 
					@Adm_Centro_CG, 
					@Adm_Tipo_BSA, 
					@Adm_Catalogo, 
					@Adm_Almacen, 
					@Adm_Cantidad, 
					@Adm_Valor_Unit, 
					@Adm_Total,
					@Adm_Id_Unm,
					@Adm_Tiene_Lote,
					@Adm_Tipo_Operacion,
					@Ven_Afecto_IGV_FE
		        )
END

GO



ALTER PROC VEN_MOVIMIENTO_CAB_LISTAR_SP
(
@Id_Empresa CHAR(3),
@Id_Anio CHAR(4) ,
@Id_Periodo CHAR(2) = null,
@Id_Pdv_Codigo CHAR(2) = null,
@Id_Movimiento CHAR(10) = null
)
AS
BEGIN
SELECT  
cab.Id_Empresa, cab.Id_Anio, cab.Id_Periodo, cab.Id_Pdv_Codigo,pdv.Pdv_Nombre, cab.Id_Movimiento, cab.Ven_Glosa, 
cab.Ven_Tipo_Doc,doc.Id_Sunat,doc.Nombre_Comprobante, cab.Ven_Serie, cab.Ven_Numero, cab.Ven_Fecha_Movimiento, cab.Ven_Fecha_Vencimiento, 
cab.Ven_Tipo_Ent, cab.Ven_Ruc_dni , ISNULL(enti.Ent_Razon_Social_Nombre,'') +' '+ ISNULL(enti.Ent_Ape_Paterno,'') +' '+ ISNULL(enti.Ent_Ape_Materno,'') AS Entidad,
 cab.Ven_Condicion_Cod ,condi.Id_General_Det,condi.Gen_Descripcion_Det, cab.Ven_Moneda_Cod,mon.Id_Sunat,mon.Nombre_Moneda, cab.Ven_Tipo_Cambio_Cod, 
cab.Ven_Tipo_Cambio_Desc, cab.Ven_Tipo_Cambio_Valor, cab.Ven_Igv_Tasa, cab.Ven_Base_Imponible, cab.Ven_Igv, 
cab.Ven_Valor_Fact_Exonerada, cab.Ven_Exonerada, cab.Ven_Inafecta, cab.Ven_Isc, cab.Ven_Isc_Importe, cab.Ven_Otros_Tributos, 
cab.Ven_Otros_Tributos_Importe, cab.Ven_Importe_Total, cab.Ven_Analisis,ana.Ana_Descripcion, cab.Cja_Codigo, cab.Cja_Aper_Cierre_Codigo, 
cab.Cja_Aper_Cierre_Codigo_Item, cab.Cja_Estado, cab.Ven_Estado, cab.Id_Libro,lin.Nombre_Libro,lin.Id_Sunat, cab.Id_Voucher ,
per.Descripcion_Periodo,
est.Gen_Codigo_Interno Estado_id,est.Gen_Descripcion_Det Estado_Desc,
caja.Gen_Codigo_Interno Caja_estado_id,caja.Gen_Descripcion_Det Caja_Desc,
ISNULL(cab.Ven_FactElectronica_Estado,0) AS Ven_FactElectronica_Estado,
ISNULL(fact.Gen_Descripcion_Det,'') AS Ven_FactElectronica_Estado_Desc,
ISNULL(cab.XML_DigestValue,'') AS XML_DigestValue,
ISNULL(cab.XML_SignatureValue,'') AS XML_SignatureValue,
ISNULL(TipoPerDoc.Gen_Codigo_Interno,'') AS TipoPersonaDocEntidad,
ISNULL(enti.Ent_Domicilio_Fiscal,'') AS Direccion_Cliente,
ISNULL(enti.Ent_Correo,'') AS Correo_Cliente,
ISNULL(cab.Est_Facturacion,'') AS Est_Facturacion
,ISNULL(EstFac.Gen_Codigo_Interno,'') AS Est_Facturacion_Interno
,ISNULL(EstFac.Gen_Descripcion_Det,'') AS Est_Facturacion_Desc

 FROM dbo.VEN_MOVIMIENTO_CAB cab
INNER JOIN dbo.CTB_LIBRO_CONTABLE lin ON cab.Id_Libro = lin.Id_Libro
INNER JOIN dbo.CTB_COMPROBANTE doc ON doc.Id_Comprobante=cab.Ven_Tipo_Doc
INNER JOIN dbo.VEN_PUNTO_VENTA pdv ON pdv.Id_Empresa=cab.Id_Empresa AND pdv.Pdv_Codigo=cab.Id_Pdv_Codigo
INNER JOIN dbo.CTB_MONEDA mon ON mon.Id_Moneda=cab.Ven_Moneda_Cod
INNER JOIN dbo.GNL_ENTIDAD enti ON enti.Ent_RUC_DNI=cab.Ven_Ruc_dni
INNER JOIN dbo.GNL_GENERAL_DET TipoPerDoc ON enti.Ent_Tipo_Doc=TipoPerDoc.Id_General_Det
INNER JOIN dbo.GNL_GENERAL_DET condi ON condi.Id_General_Det=cab.Ven_Condicion_Cod
INNER JOIN dbo.CTB_ANALISIS_CONTABLE_CAB ana ON ana.Id_Empresa=cab.Id_Empresa AND ana.Id_Anio=cab.Id_Anio AND ana.Id_Analisis=cab.Ven_Analisis
INNER JOIN dbo.GNL_PLANTILLA_PERIODO per ON per.Id_Periodo = cab.Id_Periodo
INNER JOIN dbo.GNL_GENERAL_DET est ON est.Id_General_Det=cab.Ven_Estado
INNER JOIN dbo.GNL_GENERAL_DET caja ON caja.Id_General_Det=cab.Cja_Estado
LEFT JOIN dbo.GNL_GENERAL_DET fact ON fact.Id_General_Det=cab.Ven_FactElectronica_Estado
LEFT JOIN dbo.GNL_GENERAL_DET EstFac ON EstFac.Id_General_Det=cab.Est_Facturacion
WHERE cab.Ven_Estado<>'0003' AND
cab.Id_Empresa = @Id_Empresa  AND
cab.Id_Anio = @Id_Anio AND
(@Id_Periodo IS NULL OR  cab.Id_Periodo = @Id_Periodo) AND
(@Id_Pdv_Codigo IS NULL OR cab.Id_Pdv_Codigo = @Id_Pdv_Codigo) AND
(@Id_Movimiento IS NULL OR cab.Id_Movimiento = @Id_Movimiento )
ORDER BY cab.Id_Periodo DESC,cab.Id_Movimiento DESC 
END
GO


ALTER PROC VEN_MOVIMIENTO_DET_LISTAR_SP
(
@Id_Empresa CHAR(3),
@Id_Anio CHAR(4) ,
@Id_Periodo CHAR(2) = null,
@Id_Pdv_Codigo CHAR(2) = null,
@Id_Movimiento CHAR(10) = null
)
AS
BEGIN
 
 SELECT  
 DET.Id_Empresa, DET.Id_Anio, DET.Id_Periodo, DET.Id_Pdv_Codigo, DET.Id_Movimiento, DET.Adm_Item,
 DET.Adm_Tipo_BSA,tipbs.Gen_Codigo_Interno Tipo_BSA_Cod, tipbs.Gen_Descripcion_Det Tipo_BSA_Desc,
 DET.Adm_Catalogo, cat.Cat_Descripcion,
 DET.Adm_Almacen ,alm.Alm_Descrcipcion, DET.Adm_Cantidad, DET.Adm_Valor_Unit, DET.Adm_Total, 
 DET.Adm_Unm_Id,unm.Und_Descripcion,ISNULL(unm.Und_Codigo_FE,'') Und_Codigo_FE, 
 DET.Adm_Tiene_Lote,ISNULL(DET.Adm_Lote,'') AS Adm_Lote, DET.Adm_FechaFabricacion, DET.Adm_FechaVencimiento, 
 DET.Adm_CantidadAtendidaEnBaseAlCoefciente,
 ISNULL(DET.Ven_Tipo_Operacion ,'') AS Ven_Tipo_Operacion,
 ISNULL(tipop.Gen_Codigo_Interno,'') AS Ven_Tipo_Operacion_Cod,
 ISNULL(tipop.Gen_Descripcion_Det,'')  AS Ven_Tipo_Operacion_Desc,
 ISNULL(det.Ven_Afecto_IGV_FE,'') AS Ven_Afecto_IGV_FE,
 ISNULL(fe.AfecIGV_Descripcion,'') AS Ven_Afecto_IGV_FE_Desc,
 ISNULL(det.Adm_IgvTasa,0) AS Adm_IgvTasa,
 ISNULL(det.Adm_Valor_Venta,0) AS Adm_Valor_Venta
 
  FROM dbo.VEN_MOVIMIENTO_DET  DET

  INNER JOIN dbo.GNL_GENERAL_DET tipbs ON tipbs.Id_General_Det=det.Adm_Tipo_BSA
  INNER JOIN dbo.CTB_CATALOGO cat ON cat.Id_Empresa = DET.Id_Empresa AND cat.Id_Tipo=det.Adm_Tipo_BSA AND cat.Id_Catalogo=det.Adm_Catalogo
  INNER JOIN dbo.CTB_ALMACEN alm ON alm.Id_Empresa=det.Id_Empresa AND alm.Alm_TipoBSA = det.Adm_Tipo_BSA AND alm.Id_Almacen = det.Adm_Almacen
  INNER JOIN dbo.CTB_UNIDAD_MEDIDA unm ON unm.Id_Unidad_Medida=det.Adm_Unm_Id
  LEFT JOIN dbo.GNL_GENERAL_DET tipop ON tipop.Id_General_Det=det.Ven_Tipo_Operacion
  LEFT JOIN dbo.FACTE_CFG_TIPO_AFECTACION_IGV fe ON fe.AfecIGV_Codigo=det.Ven_Afecto_IGV_FE

WHERE  
	DET.Id_Empresa = @Id_Empresa  AND
	DET.Id_Anio = @Id_Anio AND
	(@Id_Periodo IS NULL OR  DET.Id_Periodo = @Id_Periodo) AND
	(@Id_Pdv_Codigo IS NULL OR DET.Id_Pdv_Codigo = @Id_Pdv_Codigo) AND
	(@Id_Movimiento IS NULL OR DET.Id_Movimiento = @Id_Movimiento )

END
GO


--ALTER PROC VEN_MOVIMIENTO_DET_LISTAR_SP
--(
--@Id_Empresa CHAR(3),
--@Id_Anio CHAR(4) ,
--@Id_Periodo CHAR(2) = null,
--@Id_Pdv_Codigo CHAR(2) = null,
--@Id_Movimiento CHAR(10) = null
--)
--AS
--BEGIN
 
-- SELECT  
-- Id_Empresa, Id_Anio, Id_Periodo, Id_Pdv_Codigo, Id_Movimiento, Adm_Item, 
-- Lot_Item, Lot_Catalogo, Lot_Lote, Lot_FechaFabricacion, 
-- Lot_FechaVencimiento, Lot_Cantidad
 
--  FROM dbo.VEN_MOVIMIENTO_LOTE_DET  DET

 
--WHERE  
--	DET.Id_Empresa = @Id_Empresa  AND
--	DET.Id_Anio = @Id_Anio AND
--	(@Id_Periodo IS NULL OR  DET.Id_Periodo = @Id_Periodo) AND
--	(@Id_Pdv_Codigo IS NULL OR DET.Id_Pdv_Codigo = @Id_Pdv_Codigo) AND
--	(@Id_Movimiento IS NULL OR DET.Id_Movimiento = @Id_Movimiento )

--END
--GO



ALTER PROC pa_MOVIMIENTO_VENTA_CAB_MODIFICAR
(
@Id_Empresa CHAR(3), 
@Id_Anio CHAR(4), 
@Id_Periodo CHAR(2), 
@Id_Pdv_Codigo CHAR(2), 
@Id_Movimiento CHAR(10) , 
@Ven_Glosa VARCHAR(300)=NULL, 
@Ven_Tipo_Doc CHAR(3)=NULL, 
@Ven_Serie CHAR(4)=NULL, 
@Ven_Numero CHAR(8)=NULL, 
@Ven_Fecha_Movimiento DATE=NULL, 
@Ven_Fecha_Vencimiento DATE=NULL, 
@Ven_Tipo_Ent CHAR(1)=NULL, 
@Ven_Ruc_dni CHAR(11)=NULL, 
@Ven_Condicion_Cod CHAR(4)=NULL, 
@Ven_Moneda_Cod CHAR(3)=NULL, 
@Ven_Tipo_Cambio_Cod CHAR(3)=NULL, 
@Ven_Tipo_Cambio_Desc VARCHAR(50)=NULL, 
@Ven_Tipo_Cambio_Valor DECIMAL(18,4)=NULL, 
@Ven_Igv_Tasa DECIMAL(18,4)=NULL, 
@Ven_Base_Imponible DECIMAL(18,4)=NULL, 
@Ven_Igv DECIMAL(18,4)=NULL, 
@Ven_Valor_Fact_Exonerada DECIMAL(18,4)=NULL, 
@Ven_Exonerada DECIMAL(18,4)=NULL, 
@Ven_Inafecta DECIMAL(18,4)=NULL, 
@Ven_Isc BIT=NULL, 
@Ven_Isc_Importe DECIMAL(18,4)=NULL, 
@Ven_Otros_Tributos BIT	=NULL, 
@Ven_Otros_Tributos_Importe DECIMAL(18,4)=NULL, 
@Ven_Importe_Total DECIMAL(18,4)=NULL, 
@Ven_Analisis CHAR(4)=NULL, 
--@Cja_Codigo CHAR(3)=NULL, 
--@Cja_Aper_Cierre_Codigo INT=NULL, 
--@Cja_Aper_Cierre_Codigo_Item INT=NULL, 
--@Cja_Estado CHAR(4)=NULL, 
--@Id_Libro CHAR(3), 
--@Id_Voucher CHAR(10),
@Usuario VARCHAR(50), 
@Maquina VARCHAR(50)
)
AS
BEGIN
SET NOCOUNT ON 


UPDATE dbo.VEN_MOVIMIENTO_CAB
SET 
	Ven_Glosa = @Ven_Glosa,
	Ven_Tipo_Doc = @Ven_Tipo_Doc,
	Ven_Serie = @Ven_Serie,
	Ven_Numero = @Ven_Numero,
	Ven_Fecha_Movimiento = @Ven_Fecha_Movimiento,
	Ven_Fecha_Vencimiento = @Ven_Fecha_Vencimiento,
	Ven_Tipo_Ent = @Ven_Tipo_Ent,
	Ven_Ruc_dni = @Ven_Ruc_dni,
	Ven_Condicion_Cod = @Ven_Condicion_Cod,
	Ven_Moneda_Cod = @Ven_Moneda_Cod,
	Ven_Tipo_Cambio_Cod = @Ven_Tipo_Cambio_Cod,
	Ven_Tipo_Cambio_Desc = @Ven_Tipo_Cambio_Desc,
	Ven_Tipo_Cambio_Valor = @Ven_Tipo_Cambio_Valor,
	Ven_Igv_Tasa =  @Ven_Igv_Tasa,
	Ven_Base_Imponible = @Ven_Base_Imponible,
	Ven_Igv = @Ven_Igv,
	Ven_Valor_Fact_Exonerada = @Ven_Valor_Fact_Exonerada,
	Ven_Exonerada = @Ven_Exonerada,
	Ven_Inafecta = @Ven_Inafecta,
	Ven_Isc = @Ven_Isc,
	Ven_Isc_Importe = @Ven_Isc_Importe,
	Ven_Otros_Tributos = @Ven_Otros_Tributos,
	Ven_Otros_Tributos_Importe = @Ven_Otros_Tributos_Importe,
	Ven_Importe_Total = @Ven_Importe_Total,
	Ven_Analisis = @Ven_Analisis,
	--Cja_Codigo = @Cja_Codigo,
	--Cja_Aper_Cierre_Codigo = @Cja_Aper_Cierre_Codigo,
	--Cja_Aper_Cierre_Codigo_Item = @Cja_Aper_Cierre_Codigo_Item,
	--Cja_Estado = @Cja_Estado,
	--Id_Libro = @Id_Libro,
	--Id_Voucher = @Id_Voucher,
	Usuario_Modi= @Usuario,
	Fecha_Modi = GETDATE(),
	Maquina_Modi= @Maquina
	  
WHERE 	Id_Empresa = @Id_Empresa AND
	Id_Anio    =  @Id_Anio AND
	Id_Periodo   = @Id_Periodo  AND
	Id_Pdv_Codigo  = @Id_Pdv_Codigo   AND
	Id_Movimiento   =  @Id_Movimiento

	DELETE FROM dbo.VEN_MOVIMIENTO_LOTE_DET WHERE 	Id_Empresa = @Id_Empresa AND
	Id_Anio    =  @Id_Anio AND
	Id_Periodo   = @Id_Periodo  AND
	Id_Pdv_Codigo  = @Id_Pdv_Codigo   AND
	Id_Movimiento   =  @Id_Movimiento

	DELETE FROM dbo.VEN_MOVIMIENTO_DET WHERE 	Id_Empresa = @Id_Empresa AND
		Id_Anio    =  @Id_Anio AND
		Id_Periodo   = @Id_Periodo  AND
		Id_Pdv_Codigo  = @Id_Pdv_Codigo   AND
		Id_Movimiento   =  @Id_Movimiento


	--AHORA ELIMINAREMOS EL MOVIMIENTO GENERADO EN INVENTARIO PARA POLVERLO A INSERTAR
	--SELECT * FROM dbo.CTB_MOVIMIENTO_INVENTARIO_DOC_REFERENCIA

	DECLARE @Inv_Empresa CHAR(4),@Inv_Anio CHAR(4),@Inv_Periodo CHAR(2),
		    @Inv_Tipo_mov CHAR(4),@Id_Almacen CHAR(2),@Inv_Id_Movimiento CHAR(10)

	SELECT @Inv_Empresa=DocRf.Id_Empresa ,
	       @Inv_Anio=DocRf.Id_Anio,
		   @Inv_Periodo=DocRf.Id_Periodo,
		   @Inv_Tipo_mov=DocRf.Id_Tipo_Mov,
		   @Id_Almacen=DocRf.Id_Almacen,
		   @Inv_Id_Movimiento=DocRf.Id_Movimiento
	FROM dbo.CTB_MOVIMIENTO_INVENTARIO_DOC_REFERENCIA DocRf WITH(NOLOCK)
	WHERE DocRf.Id_Empresa=@Id_Empresa AND DocRf.Doc_Anio=@Id_Anio AND 
		  DocRf.Doc_Periodo=@Id_Periodo AND DocRf.Doc_Folio=@Id_Movimiento AND
          DocRf.Doc_Proceso='0066' --(0066 : ventas)

	DELETE FROM dbo.CTB_MOVIMIENTO_INVENTARIO_DET WHERE Id_Empresa=@Inv_Empresa AND Id_Anio=@Inv_Anio AND
    Id_Periodo= @Inv_Periodo AND Id_Tipo_Mov=@Inv_Tipo_mov AND Id_Almacen=@Id_Almacen AND 
	Id_Movimiento=@Inv_Id_Movimiento

	DELETE FROM dbo.CTB_MOVIMIENTO_INVENTARIO_LOTE WHERE Id_Empresa=@Inv_Empresa AND Id_Anio=@Inv_Anio AND
    Id_Periodo= @Inv_Periodo AND Id_Tipo_Mov=@Inv_Tipo_mov AND Id_Almacen=@Id_Almacen AND 
	Id_Movimiento=@Inv_Id_Movimiento


	DELETE FROM dbo.CTB_MOVIMIENTO_INVENTARIO_CAB WHERE Id_Empresa=@Inv_Empresa AND Id_Anio=@Inv_Anio AND
    Id_Periodo= @Inv_Periodo AND Id_Tipo_Mov=@Inv_Tipo_mov AND Id_Almacen=@Id_Almacen AND 
	Id_Movimiento=@Inv_Id_Movimiento

	DELETE FROM dbo.CTB_MOVIMIENTO_INVENTARIO_DOC_REFERENCIA WHERE Id_Empresa=@Inv_Empresa AND Id_Anio=@Inv_Anio AND
    Id_Periodo= @Inv_Periodo AND Id_Tipo_Mov=@Inv_Tipo_mov AND Id_Almacen=@Id_Almacen AND 
	Id_Movimiento=@Inv_Id_Movimiento




SET NOCOUNT OFF
END
GO


ALTER PROC pa_BUSCAR_TIPO_OPERACION_PRODUCTO_VENTA
(
@Id_Empresa CHAR(3),
@Id_Tipo CHAR(4),
@Id_Catalogo CHAR(10)

)
AS
BEGIN
	
		SELECT operv.Id_Empresa,operv.Id_Tipo,operv.Id_Catalogo ,
			   op.AfecIGV_Tabla,op.AfecIGV_Codigo
		FROM dbo.CTB_CATALOGO_OPERACION_VENTA operv
		INNER JOIN dbo.FACTE_CFG_TIPO_AFECTACION_IGV op WITH(NOLOCK) ON
		op.AfecIGV_Codigo=operv.Id_Afecto
		WHERE operv.Id_Empresa=@Id_Empresa AND
			  operv.Id_Tipo=@Id_Tipo AND
              operv.Id_Catalogo=@Id_Catalogo

END

GO


 
 
CREATE PROC pa_VEN_PUNTO_VENTA_ALMACEN_LISTAR
(
@Id_Empresa CHAR(3), 
@Pdv_Codigo CHAR(2) =NULL
--,@Est_Codigo CHAR(2) =NULL
)
AS
BEGIN
	
	SELECT pdv.Id_Empresa, pdv.Pdv_Codigo, pdv.Est_Codigo,
		  LTRIM(est.Est_Descripcion) Est_Descripcion, 
		  LTRIM(pdv.Pdv_Nombre) Pdv_Nombre, 
		  ISNULL(pdv.Pdv_Impresora,'') AS Pdv_Impresora, 
		  ISNULL(pdv.Pdv_Nombre_PC,'') AS Pdv_Nombre_PC, 
		  ISNULL(pdv.Pdv_Num_Maquina_Registradora,'') AS Pdv_Num_Maquina_Registradora, 
		   pdv.Pdv_Almacen,al.Alm_Descrcipcion
	 FROM dbo.VEN_PUNTO_VENTA pdv
	 INNER JOIN dbo.VEN_ESTABLECIMIENTO est WITH(NOLOCK) ON est.Id_Empresa = pdv.Id_Empresa AND est.Est_Codigo = pdv.Est_Codigo
	 INNER JOIN dbo.CTB_ALMACEN al WITH(NOLOCK) ON al.Id_Empresa=pdv.Id_Empresa AND al.Id_Almacen=pdv.Pdv_Almacen
	                                    
	 WHERE pdv.Id_Empresa=@Id_Empresa AND
			--(@Est_Codigo IS NULL OR pdv.Est_Codigo=@Est_Codigo) AND
			(@Pdv_Codigo IS NULL OR pdv.Pdv_Codigo=@Pdv_Codigo) AND
			pdv.Pdv_Estado='0001'
END


GO

ALTER PROC pa_MOVIMIENTO_VENTA_CAB_INSERTAR
(
@Id_Empresa CHAR(3), 
@Id_Anio CHAR(4), 
@Id_Periodo CHAR(2), 
@Id_Pdv_Codigo CHAR(2), 
@Id_Movimiento CHAR(10) OUTPUT, 
@Ven_Glosa VARCHAR(300)=NULL, 
@Ven_Tipo_Doc CHAR(3)=NULL, 
@Ven_Serie CHAR(4)=NULL, 
@Ven_Numero CHAR(8)=NULL, 
@Ven_Fecha_Movimiento DATE=NULL, 
@Ven_Fecha_Vencimiento DATE=NULL, 
@Ven_Tipo_Ent CHAR(1)=NULL, 
@Ven_Ruc_dni CHAR(11)=NULL, 
@Ven_Condicion_Cod CHAR(4)=NULL, 
@Ven_Moneda_Cod CHAR(3)=NULL, 
@Ven_Tipo_Cambio_Cod CHAR(3)=NULL, 
@Ven_Tipo_Cambio_Desc VARCHAR(50)=NULL, 
@Ven_Tipo_Cambio_Valor DECIMAL(18,4)=NULL, 
@Ven_Igv_Tasa DECIMAL(18,4)=NULL, 
@Ven_Base_Imponible DECIMAL(18,4)=NULL, 
@Ven_Igv DECIMAL(18,4)=NULL, 
@Ven_Valor_Fact_Exonerada DECIMAL(18,4)=NULL, 
@Ven_Exonerada DECIMAL(18,4)=NULL, 
@Ven_Inafecta DECIMAL(18,4)=NULL, 
@Ven_Isc BIT=NULL, 
@Ven_Isc_Importe DECIMAL(18,4)=NULL, 
@Ven_Otros_Tributos BIT	=NULL, 
@Ven_Otros_Tributos_Importe DECIMAL(18,4)=NULL, 
@Ven_Importe_Total DECIMAL(18,4)=NULL, 
@Ven_Analisis CHAR(4)=NULL, 
@Cja_Codigo CHAR(3)=NULL, 
@Cja_Aper_Cierre_Codigo INT=NULL, 
@Cja_Aper_Cierre_Codigo_Item INT=NULL, 
@Cja_Estado CHAR(4)=NULL, 
@Id_Libro CHAR(3), 
@Id_Voucher CHAR(10),
@Usuario VARCHAR(50), 
@Maquina VARCHAR(50),
@Est_Facturacion CHAR(4)

)
AS
BEGIN
SET NOCOUNT ON 

	DECLARE @NewCode INT;
	
	SET @NewCode = ( SELECT ISNULL(MAX(CAST(lst.Id_Movimiento AS INT)),0) + 1 FROM dbo.VEN_MOVIMIENTO_CAB lst WITH(NOLOCK)
					WHERE lst.Id_Empresa=@Id_Empresa and
					  lst.Id_Anio =@Id_Anio and
					  lst.Id_Periodo  =@Id_Periodo and
					  lst.Id_Pdv_Codigo  =@Id_Pdv_Codigo 
					  --AND lst.Id_Movimiento  =@Id_Movimiento
					);

	SET @Id_Movimiento = RIGHT('0000000000'+CAST(@NewCode AS VARCHAR),10);   


	 DECLARE  @EstadoFacturacionElectronica CHAR(4);
	 DECLARE  @EsElectronico BIT;


	 	SELECT  @EsElectronico = Tbl1.Ser_Es_Electronico
	FROM dbo.VEN_DOCUMENTOS_SERIE Tbl1 WITH(NOLOCK)
	WHERE Tbl1.Id_Empresa = @Id_Empresa AND  Tbl1.Ser_Tipo_Doc = @Ven_Tipo_Doc 
	AND  Tbl1.Ser_Serie = @Ven_Serie 
	AND CAST(Tbl1.Ser_Numero_Ini AS INT) <= CAST(@Ven_Numero AS INT) 
	AND  CAST(Tbl1.Ser_Numero_Fin AS INT) >= CAST(@Ven_Numero AS INT);

	--	 	SELECT *
	--FROM dbo.VEN_DOCUMENTOS_SERIE Tbl1 WITH(NOLOCK)
	--WHERE Tbl1.Id_Empresa = '003' AND  Tbl1.Ser_Tipo_Doc = '004' 
	--AND  Tbl1.Ser_Serie = 'B001' 
	--AND CAST(Tbl1.Ser_Numero_Ini AS INT) <= CAST('00000018' AS INT) 
	--AND  CAST(Tbl1.Ser_Numero_Fin AS INT) >= CAST('00000018' AS INT);

	 


	IF (@EsElectronico=1)
	BEGIN
		SET @EstadoFacturacionElectronica = '4104'; --SIN XML
	END


	INSERT INTO dbo.VEN_MOVIMIENTO_CAB
	        ( Id_Empresa ,
	          Id_Anio ,
	          Id_Periodo ,
	          Id_Pdv_Codigo ,
	          Id_Movimiento ,
	          Ven_Glosa ,
	          Ven_Tipo_Doc ,
	          Ven_Serie ,
	          Ven_Numero ,
	          Ven_Fecha_Movimiento ,
	          Ven_Fecha_Vencimiento ,
	          Ven_Tipo_Ent ,
	          Ven_Ruc_dni ,
	          Ven_Condicion_Cod ,
	          Ven_Moneda_Cod ,
	          Ven_Tipo_Cambio_Cod ,
	          Ven_Tipo_Cambio_Desc ,
	          Ven_Tipo_Cambio_Valor ,
	          Ven_Igv_Tasa ,
	          Ven_Base_Imponible ,
	          Ven_Igv ,
	          Ven_Valor_Fact_Exonerada ,
	          Ven_Exonerada ,
	          Ven_Inafecta ,
	          Ven_Isc ,
	          Ven_Isc_Importe ,
	          Ven_Otros_Tributos ,
	          Ven_Otros_Tributos_Importe ,
	          Ven_Importe_Total ,
	          Ven_Analisis ,
	          Cja_Codigo ,
	          Cja_Aper_Cierre_Codigo ,
	          Cja_Aper_Cierre_Codigo_Item ,
	          Cja_Estado ,
	          Ven_Estado ,
	          Id_Libro ,
	          Id_Voucher ,
	          Usuario_Crea ,
	          Fecha_Crea ,
	          Maquina_Crea ,
			  Ven_FactElectronica_EsElectronico,Ven_FactElectronica_Estado,
			  Est_Facturacion
	        )
	VALUES  ( @Id_Empresa, 
				@Id_Anio, 
				@Id_Periodo, 
				@Id_Pdv_Codigo, 
				@Id_Movimiento, 
				@Ven_Glosa, 
				@Ven_Tipo_Doc, 
				@Ven_Serie, 
				@Ven_Numero, 
				@Ven_Fecha_Movimiento, 
				@Ven_Fecha_Vencimiento, 
				@Ven_Tipo_Ent, 
				@Ven_Ruc_dni, 
				@Ven_Condicion_Cod, 
				@Ven_Moneda_Cod, 
				@Ven_Tipo_Cambio_Cod, 
				@Ven_Tipo_Cambio_Desc, 
				@Ven_Tipo_Cambio_Valor, 
				@Ven_Igv_Tasa, 
				@Ven_Base_Imponible, 
				@Ven_Igv, 
				@Ven_Valor_Fact_Exonerada, 
				@Ven_Exonerada, 
				@Ven_Inafecta, 
				@Ven_Isc, 
				@Ven_Isc_Importe, 
				@Ven_Otros_Tributos, 
				@Ven_Otros_Tributos_Importe, 
				@Ven_Importe_Total, 
				@Ven_Analisis, 
				@Cja_Codigo, 
				@Cja_Aper_Cierre_Codigo, 
				@Cja_Aper_Cierre_Codigo_Item, 
				@Cja_Estado, 
				'0001', 
				@Id_Libro, 
				@Id_Voucher,
				@Usuario,
				GETDATE(),
				@Maquina,
				@EsElectronico,
				@EstadoFacturacionElectronica,
				@Est_Facturacion
	        )
EXEC dbo.pa_EMITIR_SERIES_NUMEROS @Id_Empresa , @Ven_Tipo_Doc, @Ven_Serie, @Ven_Numero;

SET NOCOUNT OFF
END

GO






ALTER PROC VEN_MOVIMIENTO_CAB_LISTAR_AFECTAR_NC_SP
(
@Id_Empresa CHAR(3),
@Id_Anio CHAR(4) ,
@Id_Periodo CHAR(2) = null,
@Id_Pdv_Codigo CHAR(2) = null,
@Ven_Ruc_dni CHAR(15) = null
)
AS
BEGIN
SELECT  
cab.Id_Empresa, cab.Id_Anio, cab.Id_Periodo, cab.Id_Pdv_Codigo,pdv.Pdv_Nombre, cab.Id_Movimiento, cab.Ven_Glosa, 
cab.Ven_Tipo_Doc,doc.Id_Sunat,doc.Nombre_Comprobante, cab.Ven_Serie, cab.Ven_Numero, cab.Ven_Fecha_Movimiento, cab.Ven_Fecha_Vencimiento, 
cab.Ven_Tipo_Ent, cab.Ven_Ruc_dni , ISNULL(enti.Ent_Razon_Social_Nombre,'') +' '+ ISNULL(enti.Ent_Ape_Paterno,'') +' '+ ISNULL(enti.Ent_Ape_Materno,'') AS Entidad,
 cab.Ven_Condicion_Cod ,condi.Id_General_Det,condi.Gen_Descripcion_Det, cab.Ven_Moneda_Cod,mon.Id_Sunat,mon.Nombre_Moneda, cab.Ven_Tipo_Cambio_Cod, 
cab.Ven_Tipo_Cambio_Desc, cab.Ven_Tipo_Cambio_Valor, cab.Ven_Igv_Tasa, cab.Ven_Base_Imponible, cab.Ven_Igv, 
cab.Ven_Valor_Fact_Exonerada, cab.Ven_Exonerada, cab.Ven_Inafecta, cab.Ven_Isc, cab.Ven_Isc_Importe, cab.Ven_Otros_Tributos, 
cab.Ven_Otros_Tributos_Importe, cab.Ven_Importe_Total, cab.Ven_Analisis,ana.Ana_Descripcion, cab.Cja_Codigo, cab.Cja_Aper_Cierre_Codigo, 
cab.Cja_Aper_Cierre_Codigo_Item, cab.Cja_Estado, cab.Ven_Estado, cab.Id_Libro,lin.Nombre_Libro,lin.Id_Sunat, cab.Id_Voucher ,
per.Descripcion_Periodo,
est.Gen_Codigo_Interno Estado_id,est.Gen_Descripcion_Det Estado_Desc,
caja.Gen_Codigo_Interno Caja_estado_id,caja.Gen_Descripcion_Det Caja_Desc,
ISNULL(cab.Ven_FactElectronica_Estado,0) AS Ven_FactElectronica_Estado,
ISNULL(fact.Gen_Descripcion_Det,'') AS Ven_FactElectronica_Estado_Desc,
ISNULL(TipoPerDoc.Gen_Codigo_Interno,'') AS TipoPersonaDocEntidad
 FROM dbo.VEN_MOVIMIENTO_CAB cab
INNER JOIN dbo.CTB_LIBRO_CONTABLE lin ON cab.Id_Libro = lin.Id_Libro
INNER JOIN dbo.CTB_COMPROBANTE doc ON doc.Id_Comprobante=cab.Ven_Tipo_Doc
INNER JOIN dbo.VEN_PUNTO_VENTA pdv ON pdv.Id_Empresa=cab.Id_Empresa AND pdv.Pdv_Codigo=cab.Id_Pdv_Codigo
INNER JOIN dbo.CTB_MONEDA mon ON mon.Id_Moneda=cab.Ven_Moneda_Cod
INNER JOIN dbo.GNL_ENTIDAD enti ON enti.Ent_RUC_DNI=cab.Ven_Ruc_dni
INNER JOIN dbo.GNL_GENERAL_DET TipoPerDoc ON enti.Ent_Tipo_Doc=TipoPerDoc.Id_General_Det
INNER JOIN dbo.GNL_GENERAL_DET condi ON condi.Id_General_Det=cab.Ven_Condicion_Cod
INNER JOIN dbo.CTB_ANALISIS_CONTABLE_CAB ana ON ana.Id_Empresa=cab.Id_Empresa AND ana.Id_Anio=cab.Id_Anio AND ana.Id_Analisis=cab.Ven_Analisis
INNER JOIN dbo.GNL_PLANTILLA_PERIODO per ON per.Id_Periodo = cab.Id_Periodo
INNER JOIN dbo.GNL_GENERAL_DET est ON est.Id_General_Det=cab.Ven_Estado
INNER JOIN dbo.GNL_GENERAL_DET caja ON caja.Id_General_Det=cab.Cja_Estado
LEFT JOIN dbo.GNL_GENERAL_DET fact ON fact.Id_General_Det=cab.Ven_FactElectronica_Estado

WHERE cab.Ven_Estado<>'0003' AND
cab.Id_Empresa = @Id_Empresa  AND
cab.Id_Anio = @Id_Anio AND
(@Id_Periodo IS NULL OR  cab.Id_Periodo = @Id_Periodo) AND
(@Id_Pdv_Codigo IS NULL OR cab.Id_Pdv_Codigo = @Id_Pdv_Codigo) AND
(@Ven_Ruc_dni IS NULL OR cab.Ven_Ruc_dni = @Ven_Ruc_dni )

END
GO



ALTER PROC pa_MOVIMIENTO_NC_CAB_INSERTAR
(
@Id_Empresa CHAR(3), 
@Id_Anio CHAR(4), 
@Id_Periodo CHAR(2), 
@Id_Pdv_Codigo CHAR(2), 
@Id_Movimiento CHAR(10) OUTPUT, 
@Ven_Motivo_Cod VARCHAR(4)=NULL,
@Ven_Glosa VARCHAR(300)=NULL, 
@Ven_Tipo_Doc CHAR(3)=NULL, 
@Ven_Serie CHAR(4)=NULL, 
@Ven_Numero CHAR(8)=NULL, 
@Ven_Fecha_Movimiento DATE=NULL, 
@Ven_Fecha_Vencimiento DATE=NULL, 
@Ven_Tipo_Ent CHAR(1)=NULL, 
@Ven_Ruc_dni CHAR(11)=NULL, 
@Ven_Condicion_Cod CHAR(4)=NULL, 
@Ven_Moneda_Cod CHAR(3)=NULL, 
@Ven_Tipo_Cambio_Cod CHAR(3)=NULL, 
@Ven_Tipo_Cambio_Desc VARCHAR(50)=NULL, 
@Ven_Tipo_Cambio_Valor DECIMAL(18,4)=NULL, 
@Ven_Igv_Tasa DECIMAL(18,4)=NULL, 
@Ven_Base_Imponible DECIMAL(18,4)=NULL, 
@Ven_Igv DECIMAL(18,4)=NULL, 
@Ven_Valor_Fact_Exonerada DECIMAL(18,4)=NULL, 
@Ven_Exonerada DECIMAL(18,4)=NULL, 
@Ven_Inafecta DECIMAL(18,4)=NULL, 
@Ven_Isc BIT=NULL, 
@Ven_Isc_Importe DECIMAL(18,4)=NULL, 
@Ven_Otros_Tributos BIT	=NULL, 
@Ven_Otros_Tributos_Importe DECIMAL(18,4)=NULL, 
@Ven_Importe_Total DECIMAL(18,4)=NULL, 
@Ven_Analisis CHAR(4)=NULL, 
@Cja_Codigo CHAR(3)=NULL, 
@Cja_Aper_Cierre_Codigo INT=NULL, 
@Cja_Aper_Cierre_Codigo_Item INT=NULL, 
@Cja_Estado CHAR(4)=NULL, 
@Id_Libro CHAR(3)=NULL, 
@Id_Voucher CHAR(10)=NULL, 
@Usuario VARCHAR(50), 
@Maquina VARCHAR(50)
)
AS
BEGIN
SET NOCOUNT ON 

	DECLARE @NewCode INT;
	
	SET @NewCode = ( SELECT ISNULL(MAX(CAST(lst.Id_Movimiento AS INT)),0) + 1 FROM dbo.VEN_MOVIMIENTO_NC_CAB lst WITH(NOLOCK)
					WHERE lst.Id_Empresa=@Id_Empresa and
					  lst.Id_Anio =@Id_Anio and
					  lst.Id_Periodo  =@Id_Periodo and
					  lst.Id_Pdv_Codigo  =@Id_Pdv_Codigo 
					  --AND lst.Id_Movimiento  =@Id_Movimiento
					);

	SET @Id_Movimiento = RIGHT('0000000000'+CAST(@NewCode AS VARCHAR),10);   


	 DECLARE  @EstadoFacturacionElectronica CHAR(4);
	 DECLARE  @EsElectronico BIT;


	 	SELECT  @EsElectronico = Tbl1.Ser_Es_Electronico
	FROM dbo.VEN_DOCUMENTOS_SERIE Tbl1 WITH(NOLOCK)
	WHERE Tbl1.Id_Empresa = @Id_Empresa AND  Tbl1.Ser_Tipo_Doc = @Ven_Tipo_Doc 
	AND  Tbl1.Ser_Serie = @Ven_Serie 
	AND CAST(Tbl1.Ser_Numero_Ini AS INT) <= CAST(@Ven_Numero AS INT) 
	AND  CAST(Tbl1.Ser_Numero_Fin AS INT) >= CAST(@Ven_Numero AS INT);

	--	 	SELECT *
	--FROM dbo.VEN_DOCUMENTOS_SERIE Tbl1 WITH(NOLOCK)
	--WHERE Tbl1.Id_Empresa = '003' AND  Tbl1.Ser_Tipo_Doc = '004' 
	--AND  Tbl1.Ser_Serie = 'B001' 
	--AND CAST(Tbl1.Ser_Numero_Ini AS INT) <= CAST('00000018' AS INT) 
	--AND  CAST(Tbl1.Ser_Numero_Fin AS INT) >= CAST('00000018' AS INT);

	 


	IF (@EsElectronico=1)
	BEGIN
		SET @EstadoFacturacionElectronica = '4104'; --SIN XML
	END


	INSERT INTO dbo.VEN_MOVIMIENTO_NC_CAB
	        ( Id_Empresa ,
	          Id_Anio ,
	          Id_Periodo ,
	          Id_Pdv_Codigo ,
	          Id_Movimiento ,
			  Ven_Motivo_Cod,
	          Ven_Glosa ,
	          Ven_Tipo_Doc ,
	          Ven_Serie ,
	          Ven_Numero ,
	          Ven_Fecha_Movimiento ,
	          Ven_Fecha_Vencimiento ,
	          Ven_Tipo_Ent ,
	          Ven_Ruc_dni ,
	          Ven_Condicion_Cod ,
	          Ven_Moneda_Cod ,
	          Ven_Tipo_Cambio_Cod ,
	          Ven_Tipo_Cambio_Desc ,
	          Ven_Tipo_Cambio_Valor ,
	          Ven_Igv_Tasa ,
	          Ven_Base_Imponible ,
	          Ven_Igv ,
	          Ven_Valor_Fact_Exonerada ,
	          Ven_Exonerada ,
	          Ven_Inafecta ,
	          Ven_Isc ,
	          Ven_Isc_Importe ,
	          Ven_Otros_Tributos ,
	          Ven_Otros_Tributos_Importe ,
	          Ven_Importe_Total ,
	          Ven_Analisis ,
	          Cja_Codigo ,
	          Cja_Aper_Cierre_Codigo ,
	          Cja_Aper_Cierre_Codigo_Item ,
	          Cja_Estado ,
	          Ven_Estado ,
	          Id_Libro ,
	          Id_Voucher ,
	          Usuario_Crea ,
	          Fecha_Crea ,
	          Maquina_Crea ,
			  Ven_FactElectronica_EsElectronico,
			  Ven_FactElectronica_Estado
	        )
	VALUES  ( @Id_Empresa, 
				@Id_Anio, 
				@Id_Periodo, 
				@Id_Pdv_Codigo, 
				@Id_Movimiento, 
				@Ven_Motivo_Cod,
				@Ven_Glosa, 
				@Ven_Tipo_Doc, 
				@Ven_Serie, 
				@Ven_Numero, 
				@Ven_Fecha_Movimiento, 
				@Ven_Fecha_Vencimiento, 
				@Ven_Tipo_Ent, 
				@Ven_Ruc_dni, 
				@Ven_Condicion_Cod, 
				@Ven_Moneda_Cod, 
				@Ven_Tipo_Cambio_Cod, 
				@Ven_Tipo_Cambio_Desc, 
				@Ven_Tipo_Cambio_Valor, 
				@Ven_Igv_Tasa, 
				@Ven_Base_Imponible, 
				@Ven_Igv, 
				@Ven_Valor_Fact_Exonerada, 
				@Ven_Exonerada, 
				@Ven_Inafecta, 
				@Ven_Isc, 
				@Ven_Isc_Importe, 
				@Ven_Otros_Tributos, 
				@Ven_Otros_Tributos_Importe, 
				@Ven_Importe_Total, 
				@Ven_Analisis, 
				@Cja_Codigo, 
				@Cja_Aper_Cierre_Codigo, 
				@Cja_Aper_Cierre_Codigo_Item, 
				@Cja_Estado, 
				'0001', 
				@Id_Libro, 
				@Id_Voucher,
				@Usuario,
				GETDATE(),
				@Maquina,
				@EsElectronico,
				@EstadoFacturacionElectronica
	        )
EXEC dbo.pa_EMITIR_SERIES_NUMEROS @Id_Empresa , @Ven_Tipo_Doc, @Ven_Serie, @Ven_Numero;

SET NOCOUNT OFF
END

GO




CREATE PROC pa_VEN_MOVIMIENTO_NC_DET_INSERTAR
(
@Id_Empresa CHAR(3), 
@Id_Anio CHAR(4), 
@Id_Periodo CHAR(2), 
@Id_Pdv_Codigo CHAR(3), 
@Id_Movimiento CHAR(10), 
@Adm_Item INT, 
@Adm_Centro_CG CHAR(3)=NULL, 
@Adm_Tipo_BSA CHAR(4)=NULL, 
@Adm_Catalogo CHAR(10)=NULL, 
@Adm_Almacen CHAR(2)=NULL, 
@Adm_Cantidad DECIMAL(18,4)=NULL, 
@Adm_Valor_Unit  DECIMAL(18,4)=NULL, 
@Adm_Total  DECIMAL(18,4)=NULL,
@Adm_Unm_Id CHAR(3) =NULL,
@Adm_Tiene_Lote bit =NULL,
@Adm_Lote VARCHAR(30) =NULL,
@Adm_FechaFabricacion DATE =NULL,
@Adm_FechaVencimiento DATE =NULL,
@Adm_CantidadAtendidaEnBaseAlCoefciente DECIMAL(10,4)=NULL,
@Ven_Tipo_Operacion CHAR(4) = NULL,
@Ven_Afecto_IGV_FE CHAR(2) = NULL
)
AS
BEGIN
		INSERT INTO dbo.VEN_MOVIMIENTO_NC_DET	
		        ( Id_Empresa ,
		          Id_Anio ,
		          Id_Periodo ,
		          Id_Pdv_Codigo ,
		          Id_Movimiento ,
		          Adm_Item ,
		          Adm_Centro_CG ,
		          Adm_Tipo_BSA ,
		          Adm_Catalogo ,
		          Adm_Almacen ,
		          Adm_Cantidad ,
		          Adm_Valor_Unit ,
		          Adm_Total,
				  Adm_Unm_Id,
				  Adm_Tiene_Lote,
				Adm_Lote ,
				Adm_FechaFabricacion ,
				Adm_FechaVencimiento  ,
				 Adm_CantidadAtendidaEnBaseAlCoefciente,
				 Ven_Tipo_Operacion,
				 Ven_Afecto_IGV_FE
		        )
		VALUES  ( @Id_Empresa, 
					@Id_Anio, 
					@Id_Periodo, 
					@Id_Pdv_Codigo, 
					@Id_Movimiento, 
					@Adm_Item, 
					@Adm_Centro_CG, 
					@Adm_Tipo_BSA, 
					@Adm_Catalogo, 
					@Adm_Almacen, 
					@Adm_Cantidad, 
					@Adm_Valor_Unit, 
					@Adm_Total,
					@Adm_Unm_Id,
					@Adm_Tiene_Lote,
					@Adm_Lote ,
					@Adm_FechaFabricacion ,
					@Adm_FechaVencimiento,
					@Adm_CantidadAtendidaEnBaseAlCoefciente,
					@Ven_Tipo_Operacion,
					@Ven_Afecto_IGV_FE
		        )
END
GO


CREATE PROC pa_VEN_MOVIMIENTO_NC_DOCS_INSERTAR
(
@Id_Empresa CHAR(3), 
@Id_Anio CHAR(4), 
@Id_Periodo CHAR(2), 
@Id_Pdv_Codigo CHAR(3), 
@Id_Movimiento CHAR(10), 
@Id_Anio_Ref CHAR(4), 
@Id_Periodo_Ref CHAR(2), 
@Id_Pdv_Codigo_Ref CHAR(3), 
@Id_Movimiento_Ref CHAR(10)
)
AS
BEGIN
		INSERT INTO dbo.VEN_MOVIMIENTO_NC_DOCS
			( Id_Empresa ,
			Id_Anio ,
			Id_Periodo ,
			Id_Pdv_Codigo ,
			Id_Movimiento ,
			Id_Anio_Ref ,
			Id_Periodo_Ref ,
			Id_Pdv_Codigo_Ref ,
			Id_Movimiento_Ref 
		        )
			VALUES  ( @Id_Empresa, 
			@Id_Anio, 
			@Id_Periodo, 
			@Id_Pdv_Codigo, 
			@Id_Movimiento, 
			@Id_Anio_Ref, 
			@Id_Periodo_Ref, 
			@Id_Pdv_Codigo_Ref, 
			@Id_Movimiento_Ref
		        )
END
GO




ALTER PROC VEN_MOVIMIENTO_NC_CAB_LISTAR_SP
(
@Id_Empresa CHAR(3),
@Id_Anio CHAR(4) ,
@Id_Periodo CHAR(2) = null,
@Id_Pdv_Codigo CHAR(2) = null,
@Id_Movimiento CHAR(10) = null
)
AS
BEGIN
SELECT  
cab.Id_Empresa, cab.Id_Anio, cab.Id_Periodo
, cab.Id_Pdv_Codigo,pdv.Pdv_Nombre, cab.Id_Movimiento, cab.Ven_Glosa, 
cab.Ven_Tipo_Doc,doc.Id_Sunat,doc.Nombre_Comprobante, cab.Ven_Serie, cab.Ven_Numero, cab.Ven_Fecha_Movimiento, cab.Ven_Fecha_Vencimiento, 
cab.Ven_Tipo_Ent, cab.Ven_Ruc_dni , ISNULL(enti.Ent_Razon_Social_Nombre,'') +' '+ ISNULL(enti.Ent_Ape_Paterno,'') +' '+ ISNULL(enti.Ent_Ape_Materno,'') AS Entidad,
 cab.Ven_Condicion_Cod ,condi.Id_General_Det,condi.Gen_Descripcion_Det, cab.Ven_Moneda_Cod,mon.Id_Sunat,mon.Nombre_Moneda, cab.Ven_Tipo_Cambio_Cod, 
cab.Ven_Tipo_Cambio_Desc, cab.Ven_Tipo_Cambio_Valor, cab.Ven_Igv_Tasa, cab.Ven_Base_Imponible, cab.Ven_Igv, 
cab.Ven_Valor_Fact_Exonerada, cab.Ven_Exonerada, cab.Ven_Inafecta, cab.Ven_Isc, cab.Ven_Isc_Importe, cab.Ven_Otros_Tributos, 
cab.Ven_Otros_Tributos_Importe, cab.Ven_Importe_Total, 
--cab.Ven_Analisis,ana.Ana_Descripcion, cab.Cja_Codigo, cab.Cja_Aper_Cierre_Codigo, 
--cab.Cja_Aper_Cierre_Codigo_Item,ISNULL(cab.Cja_Estado,'') AS Cja_Estado, 
cab.Ven_Estado,
 --cab.Id_Libro,lin.Nombre_Libro,lin.Id_Sunat, 
 --cab.Id_Voucher ,
per.Descripcion_Periodo,
est.Gen_Codigo_Interno Estado_id,est.Gen_Descripcion_Det Estado_Desc,
--caja.Gen_Codigo_Interno Caja_estado_id,caja.Gen_Descripcion_Det Caja_Desc,
ISNULL(cab.Ven_FactElectronica_Estado,0) AS Ven_FactElectronica_Estado,
ISNULL(fact.Gen_Descripcion_Det,'') AS Ven_FactElectronica_Estado_Desc,
ISNULL(cab.Ven_Motivo_Cod,'') AS Ven_Motivo_Cod, ISNULL(moti.Gen_Codigo_Interno,'') AS Motivo_Interno,ISNULL(moti.Gen_Descripcion_Det,'') AS Motivo_Desc
 FROM dbo.VEN_MOVIMIENTO_NC_CAB cab
--LEFT JOIN dbo.CTB_LIBRO_CONTABLE lin ON cab.Id_Libro = lin.Id_Libro
INNER JOIN dbo.CTB_COMPROBANTE doc ON doc.Id_Comprobante=cab.Ven_Tipo_Doc
INNER JOIN dbo.VEN_PUNTO_VENTA pdv ON pdv.Id_Empresa=cab.Id_Empresa AND pdv.Pdv_Codigo=cab.Id_Pdv_Codigo
INNER JOIN dbo.CTB_MONEDA mon ON mon.Id_Moneda=cab.Ven_Moneda_Cod
INNER JOIN dbo.GNL_ENTIDAD enti ON enti.Ent_RUC_DNI=cab.Ven_Ruc_dni
INNER JOIN dbo.GNL_GENERAL_DET condi ON condi.Id_General_Det=cab.Ven_Condicion_Cod
LEFT JOIN dbo.CTB_ANALISIS_CONTABLE_CAB ana ON ana.Id_Empresa=cab.Id_Empresa AND ana.Id_Anio=cab.Id_Anio AND ana.Id_Analisis=cab.Ven_Analisis
INNER JOIN dbo.GNL_PLANTILLA_PERIODO per ON per.Id_Periodo = cab.Id_Periodo
INNER JOIN dbo.GNL_GENERAL_DET est ON est.Id_General_Det=cab.Ven_Estado
--INNER JOIN dbo.GNL_GENERAL_DET caja ON caja.Id_General_Det=cab.Cja_Estado
LEFT JOIN dbo.GNL_GENERAL_DET fact ON fact.Id_General_Det=cab.Ven_FactElectronica_Estado
INNER JOIN dbo.GNL_GENERAL_DET moti ON moti.Id_General_Det=cab.Ven_Motivo_Cod

WHERE cab.Ven_Estado<>'0003' AND
cab.Id_Empresa = @Id_Empresa  AND
cab.Id_Anio = @Id_Anio AND
(@Id_Periodo IS NULL OR  cab.Id_Periodo = @Id_Periodo) AND
(@Id_Pdv_Codigo IS NULL OR cab.Id_Pdv_Codigo = @Id_Pdv_Codigo) AND
(@Id_Movimiento IS NULL OR cab.Id_Movimiento = @Id_Movimiento )
ORDER BY cab.Id_Periodo DESC,cab.Id_Movimiento DESC	

END
GO

 
CREATE PROC VEN_MOVIMIENTO_NC_DET_LISTAR_SP
(
@Id_Empresa CHAR(3),
@Id_Anio CHAR(4) ,
@Id_Periodo CHAR(2) = null,
@Id_Pdv_Codigo CHAR(2) = null,
@Id_Movimiento CHAR(10) = null
)
AS
BEGIN
 
 SELECT  
 DET.Id_Empresa, DET.Id_Anio, DET.Id_Periodo, DET.Id_Pdv_Codigo, DET.Id_Movimiento, DET.Adm_Item,
 DET.Adm_Tipo_BSA,tipbs.Gen_Codigo_Interno Tipo_BSA_Cod, tipbs.Gen_Descripcion_Det Tipo_BSA_Desc,
 DET.Adm_Catalogo, cat.Cat_Descripcion,
 DET.Adm_Almacen ,alm.Alm_Descrcipcion, DET.Adm_Cantidad, DET.Adm_Valor_Unit, DET.Adm_Total, 
 DET.Adm_Unm_Id,unm.Und_Descripcion,ISNULL(unm.Und_Codigo_FE,'') Und_Codigo_FE, 
 DET.Adm_Tiene_Lote,ISNULL(DET.Adm_Lote,'') AS Adm_Lote, DET.Adm_FechaFabricacion, DET.Adm_FechaVencimiento, 
 DET.Adm_CantidadAtendidaEnBaseAlCoefciente,
 ISNULL(DET.Ven_Tipo_Operacion ,'') AS Ven_Tipo_Operacion,
 ISNULL(tipop.Gen_Codigo_Interno,'') AS Ven_Tipo_Operacion_Cod,
 ISNULL(tipop.Gen_Descripcion_Det,'')  AS Ven_Tipo_Operacion_Desc,
 ISNULL(det.Ven_Afecto_IGV_FE,'') AS Ven_Afecto_IGV_FE,
 ISNULL(fe.AfecIGV_Descripcion,'') AS Ven_Afecto_IGV_FE_Desc
 
  FROM dbo.VEN_MOVIMIENTO_NC_DET  DET

  INNER JOIN dbo.GNL_GENERAL_DET tipbs ON tipbs.Id_General_Det=det.Adm_Tipo_BSA
  INNER JOIN dbo.CTB_CATALOGO cat ON cat.Id_Empresa = DET.Id_Empresa AND cat.Id_Tipo=det.Adm_Tipo_BSA AND cat.Id_Catalogo=det.Adm_Catalogo
  INNER JOIN dbo.CTB_ALMACEN alm ON alm.Id_Empresa=det.Id_Empresa AND alm.Alm_TipoBSA = det.Adm_Tipo_BSA AND alm.Id_Almacen = det.Adm_Almacen
  INNER JOIN dbo.CTB_UNIDAD_MEDIDA unm ON unm.Id_Unidad_Medida=det.Adm_Unm_Id
  LEFT JOIN dbo.GNL_GENERAL_DET tipop ON tipop.Id_General_Det=det.Ven_Tipo_Operacion
  LEFT JOIN dbo.FACTE_CFG_TIPO_AFECTACION_IGV fe ON fe.AfecIGV_Codigo=det.Ven_Afecto_IGV_FE

WHERE  
	DET.Id_Empresa = @Id_Empresa  AND
	DET.Id_Anio = @Id_Anio AND
	(@Id_Periodo IS NULL OR  DET.Id_Periodo = @Id_Periodo) AND
	(@Id_Pdv_Codigo IS NULL OR DET.Id_Pdv_Codigo = @Id_Pdv_Codigo) AND
	(@Id_Movimiento IS NULL OR DET.Id_Movimiento = @Id_Movimiento )

END
GO



ALTER PROC VEN_MOVIMIENTO_NC_DOCS_LISTAR_SP
(
@Id_Empresa CHAR(3),
@Id_Anio CHAR(4) ,
@Id_Periodo CHAR(2) = null,
@Id_Pdv_Codigo CHAR(2) = null,
@Id_Movimiento CHAR(10) = null
)
AS
BEGIN
 
 SELECT  
 DET.Id_Empresa, DET.Id_Anio_Ref, DET.Id_Periodo_Ref ,det.Id_Pdv_Codigo_Ref, DET.Id_Movimiento_Ref
,  per.Descripcion_Periodo,doc.Id_Comprobante,doc.Id_Sunat,doc.Nombre_Comprobante,
 cab.Ven_Serie,cab.Ven_Numero,mon.Id_Moneda,mon.Id_Sunat,mon.Nombre_Moneda,cab.Ven_Importe_Total
 
  FROM dbo.VEN_MOVIMIENTO_NC_DOCS  DET
INNER JOIN dbo.VEN_MOVIMIENTO_CAB cab ON det.Id_Empresa=cab.Id_Empresa AND 
det.Id_Anio_Ref=cab.Id_Anio AND det.Id_Periodo_Ref=cab.Id_Periodo AND 
det.Id_Pdv_Codigo_Ref=cab.Id_Pdv_Codigo AND det.Id_Movimiento_Ref=cab.Id_Movimiento
INNER JOIN dbo.GNL_PLANTILLA_PERIODO per ON per.Id_Periodo=cab.Id_Periodo
INNER JOIN dbo.CTB_COMPROBANTE doc ON doc.Id_Comprobante=cab.Ven_Tipo_Doc
INNER JOIN dbo.CTB_MONEDA mon ON mon.Id_Moneda=cab.Ven_Moneda_Cod

WHERE  
	DET.Id_Empresa = @Id_Empresa  AND
	DET.Id_Anio = @Id_Anio AND
	(@Id_Periodo IS NULL OR  DET.Id_Periodo = @Id_Periodo) AND
	(@Id_Pdv_Codigo IS NULL OR DET.Id_Pdv_Codigo = @Id_Pdv_Codigo) AND
	(@Id_Movimiento IS NULL OR DET.Id_Movimiento = @Id_Movimiento )

END
GO







ALTER PROC VEN_MOVIMIENTO_CAB_ANULAR
(
@Id_Empresa CHAR(3),
@Id_Anio CHAR(4) ,
@Id_Periodo CHAR(2) = null,
@Id_Pdv_Codigo CHAR(2) = null,
@Id_Movimiento CHAR(10) = null
)
AS
BEGIN
 
UPDATE dbo.VEN_MOVIMIENTO_CAB
SET Ven_Estado='0002'
WHERE  
	 Id_Empresa = @Id_Empresa  AND
	 Id_Anio = @Id_Anio AND
	(@Id_Periodo IS NULL OR   Id_Periodo = @Id_Periodo) AND
	(@Id_Pdv_Codigo IS NULL OR  Id_Pdv_Codigo = @Id_Pdv_Codigo) AND
	(@Id_Movimiento IS NULL OR  Id_Movimiento = @Id_Movimiento )


	DECLARE	@Id_Libro CHAR(3), 
		    @Id_Voucher CHAR(10)

 SELECT @Id_Libro=Id_Libro ,@Id_Voucher=Id_Voucher from dbo.VEN_MOVIMIENTO_CAB
WHERE  
	 Id_Empresa = @Id_Empresa  AND
	 Id_Anio = @Id_Anio AND
	(@Id_Periodo IS NULL OR   Id_Periodo = @Id_Periodo) AND
	(@Id_Pdv_Codigo IS NULL OR  Id_Pdv_Codigo = @Id_Pdv_Codigo) AND
	(@Id_Movimiento IS NULL OR  Id_Movimiento = @Id_Movimiento )


	UPDATE dbo.CTB_MOVIMIENTO_CONTABLE_CAB 
	SET	Ctb_Estado='0002',
		--Maquina_Modi=@Maquina,
		--Usuario_Modi=@Usuario,
		Fecha_Modi=GETDATE()
	WHERE Id_Empresa=@Id_Empresa AND
	      Id_Anio=@Id_Anio AND
		  Id_Periodo=@Id_Periodo AND	
		  Id_Libro=@Id_Libro AND
		  Id_Voucher=@Id_Voucher
	
		UPDATE dbo.CTB_MOVIMIENTO_CONTABLE_DET
	SET	Ctb_Estado='0002',
		--Maquina_Modi=@Maquina,
		--Usuario_Modi=@Usuario,
		Fecha_Modi=GETDATE()
	WHERE Id_Empresa=@Id_Empresa AND
	      Id_Anio=@Id_Anio AND
		  Id_Periodo=@Id_Periodo AND	
		  Id_Libro=@Id_Libro AND
		  Id_Voucher=@Id_Voucher
		  
		  --ACTUALIZAR EL ESTADO EN INVENTARIO A ELIMINADO TAMBIEN
DECLARE @Inv_Empresa CHAR(4),@Inv_Anio CHAR(4),@Inv_Periodo CHAR(2),
		    @Inv_Tipo_mov CHAR(4),@Id_Almacen CHAR(2),@Inv_Id_Movimiento CHAR(10)
	SELECT @Inv_Empresa=DocRf.Id_Empresa ,
	       @Inv_Anio=DocRf.Id_Anio,
		   @Inv_Periodo=DocRf.Id_Periodo,
		   @Inv_Tipo_mov=DocRf.Id_Tipo_Mov,
		   @Id_Almacen=DocRf.Id_Almacen,
		   @Inv_Id_Movimiento=DocRf.Id_Movimiento
	FROM dbo.CTB_MOVIMIENTO_INVENTARIO_CAB DocRf WITH(NOLOCK)
	WHERE DocRf.Id_Empresa=@Id_Empresa AND DocRf.Id_Anio=@Id_Anio AND 
		  DocRf.Id_Periodo=@Id_Periodo AND DocRf.Inv_Voucher=@Id_Voucher 

		--  SELECT * FROM CTB_MOVIMIENTO_INVENTARIO_DOC_REFERENCIA WHERE Doc_Proceso='0066' --Doc_Folio='0100000011';

	UPDATE dbo.CTB_MOVIMIENTO_INVENTARIO_CAB 
		SET Inv_Estado='0002',
		--Maquina_Modi=@Maquina,
		--Usuario_Modi=@Usuario,
		Fecha_Modi=GETDATE()
	WHERE Id_Empresa=@Inv_Empresa AND Id_Anio=@Inv_Anio AND
    Id_Periodo= @Inv_Periodo AND Id_Tipo_Mov=@Inv_Tipo_mov AND Id_Almacen=@Id_Almacen AND 
	Id_Movimiento=@Inv_Id_Movimiento ;

	UPDATE dbo.CTB_MOVIMIENTO_INVENTARIO_LOTE
	SET Lot_Estado='0002'
	WHERE Id_Empresa=@Inv_Empresa AND Id_Anio=@Inv_Anio AND
		  Id_Periodo= @Inv_Periodo AND Id_Tipo_Mov=@Inv_Tipo_mov AND Id_Almacen=@Id_Almacen AND 
	      Id_Movimiento=@Inv_Id_Movimiento ;
 



END
GO


CREATE PROC VEN_MOVIMIENTO_NC_CAB_ANULAR
(
@Id_Empresa CHAR(3),
@Id_Anio CHAR(4) ,
@Id_Periodo CHAR(2) = null,
@Id_Pdv_Codigo CHAR(2) = null,
@Id_Movimiento CHAR(10) = null
)
AS
BEGIN
 
UPDATE dbo.VEN_MOVIMIENTO_NC_CAB
SET Ven_Estado='0002'
WHERE  
	 Id_Empresa = @Id_Empresa  AND
	 Id_Anio = @Id_Anio AND
	(@Id_Periodo IS NULL OR   Id_Periodo = @Id_Periodo) AND
	(@Id_Pdv_Codigo IS NULL OR  Id_Pdv_Codigo = @Id_Pdv_Codigo) AND
	(@Id_Movimiento IS NULL OR  Id_Movimiento = @Id_Movimiento )


END
GO


 
ALTER PROC pa_GNL_ENTIDAD_MODIFICAR_RAZON_Y_DIRECCION
(
@Ent_RUC_DNI CHAR(11), 
@Ent_Razon_Social_Nombre VARCHAR(200), 
@Ent_Ape_Paterno VARCHAR(50), 
@Ent_Ape_Materno VARCHAR(50),  
@Ent_Domicilio_Fiscal VARCHAR(200), 
@Ent_Correo VARCHAR(100)=NULL, 
@Usuario VARCHAR(50), 
@Maquina VARCHAR(50)
)
AS 
BEGIN 

		UPDATE dbo.GNL_ENTIDAD
		SET	 
			Ent_Razon_Social_Nombre=@Ent_Razon_Social_Nombre,
			Ent_Ape_Paterno=@Ent_Ape_Paterno,
			Ent_Ape_Materno=@Ent_Ape_Materno,
 			Ent_Domicilio_Fiscal=@Ent_Domicilio_Fiscal,
			Ent_Correo=@Ent_Correo,
 			Usuario_Modi=@Usuario,
			Fecha_Modi=GETDATE(),
			Maquina_Modi=@Maquina
		WHERE Ent_RUC_DNI=@Ent_RUC_DNI
END
GO



ALTER PROC CTB_MOVIMIENTO_INVENTARIO_CAB_INSERTAR_VENTAS
(
@Id_Empresa CHAR(3), 
@Id_Anio CHAR(4), 
@Id_Periodo CHAR(2), 
@Id_Tipo_Mov CHAR(4), 
@Id_Almacen CHAR(2), 
@Id_Movimiento CHAR(10) OUTPUT, 
@Id_Tipo_Operacion CHAR(2), 
@Inv_Glosa VARCHAR(200),
@Inv_Tipo_Entidad CHAR(1)=NULL, 
@Inv_Ruc_Dni CHAR(11), 
@Inv_Tipo_Doc CHAR(3), 
@Inv_Serie CHAR(4), 
@Inv_Numero CHAR(10), 
@Inv_Fecha DATE, 
@Inv_Almacen_O_D CHAR(2)=NULL	, 
@Inv_Responsable_Ruc_Dni CHAR(10) =NULL	, 
@Inv_Libro CHAR(3)=NULL,
@Inv_Voucher CHAR(10)=NULL,
@Maquina VARCHAR(50), 
@Usuario VARCHAR(50),
@Inv_Base DECIMAL(18,4)=NULL,
@Inv_Igv DECIMAL(18,4)=NULL,
@Inv_Total DECIMAL(18,4)=NULL,
@Inv_pdc_codigo CHAR(2)=NULL,
@Inv_pdv_codigo CHAR(2)=NULL,
@Cja_Codigo CHAR(3)=NULL,
@Cja_Aper_Cierre_Codigo INT=NULL,
@Cja_Aper_Cierre_Codigo_Item INT =NULL,
@cja_Estado CHAR(4),
@Inv_Es_Venta_Sin_Ticket BIT =NULL,
@Inv_Valor_Fact_Exonerada  DECIMAL(18,4)  =NULL,
@Inv_Exonerada  DECIMAL(18,4)  =NULL,
@Inv_Inafecta   DECIMAL(18,4)  =NULL,
@Inv_Isc_Importe   DECIMAL(18,4)  =NULL,
@Inv_Otros_Tributos_Importe   DECIMAL(18,4)  =NULL ,
@Inv_Es_Venta BIT=NULL,
@Inv_Condicion CHAR(4)=NULL,
@Inv_Est_Facturacion CHAR(4) = NULL
)
AS
BEGIN

	--DECLARE @NewCode INT;
	
	--SET @NewCode = ( SELECT ISNULL(MAX(CAST(lst.Id_Movimiento AS INT)),0) + 1 FROM dbo.CTB_MOVIMIENTO_INVENTARIO_CAB lst WITH(NOLOCK)
	--				WHERE lst.Id_Empresa=@Id_Empresa and
 --         lst.Id_Anio =@Id_Anio and
 --         lst.Id_Periodo  =@Id_Periodo and
 --         lst.Id_Tipo_Mov  =@Id_Tipo_Mov and
 --         lst.Id_Almacen  =@Id_Almacen
	--);
	--SET @Id_Movimiento = RIGHT('0000000000'+CAST(@NewCode AS VARCHAR),10);   

 SET @Id_Movimiento =(select @Inv_pdv_codigo + RIGHT(REPLICATE('0',8) + 
							LTRIM(STR(ISNULL(MAX(RIGHT(Mng.Id_Movimiento,8)),0)+1)),8)
							FROM dbo.CTB_MOVIMIENTO_INVENTARIO_CAB Mng WITH(NOLOCK)        
							WHERE Mng.Id_Empresa = @Id_Empresa AND 
									Mng.Id_Anio = @Id_Anio and 
									mng.Id_Periodo=@Id_Periodo AND 
									mng.Id_Almacen=@Id_Almacen and  
									Mng.Id_Tipo_Mov='0035' AND --Salida
									LEFT(Mng.Id_Movimiento,2)=@Inv_pdv_codigo);


INSERT INTO dbo.CTB_MOVIMIENTO_INVENTARIO_CAB
        ( Id_Empresa ,
          Id_Anio ,
          Id_Periodo ,
          Id_Tipo_Mov ,
          Id_Almacen ,
          Id_Movimiento ,
          Id_Tipo_Operacion ,
		  Inv_Glosa,
          Inv_Tipo_Entidad ,
          Inv_Ruc_Dni ,
          Inv_Tipo_Doc ,
          Inv_Serie ,
          Inv_Numero ,
          Inv_Fecha ,
          Inv_Almacen_O_D ,
          Inv_Responsable_Ruc_Dni ,
          Inv_Libro ,
          Inv_Voucher ,
		  Inv_estado,
          Usuario_Crea ,
          Fecha_Crea ,
          Maquina_Crea ,
		  Inv_Base ,
		Inv_Igv ,
		Inv_Total ,
		Inv_pdc_codigo,
		Inv_pdv_codigo ,
		Cja_Codigo ,
		Cja_Aper_Cierre_Codigo ,
		Cja_Aper_Cierre_Codigo_Item ,
		cja_Estado,Inv_Es_Venta_Sin_Ticket,
		 Inv_Valor_Fact_Exonerada  ,
		 Inv_Exonerada  ,
		 Inv_Inafecta    ,
		 Inv_Isc_Importe    ,
		 Inv_Otros_Tributos_Importe  ,
		 Inv_Es_Venta,
		 Inv_Condicion,Inv_Est_Facturacion
        )
VALUES  ( @Id_Empresa, 
		@Id_Anio, 
		@Id_Periodo, 
		@Id_Tipo_Mov, 
		@Id_Almacen, 
		@Id_Movimiento, 
		@Id_Tipo_Operacion, 
		@Inv_Glosa,
		@Inv_Tipo_Entidad, 
		@Inv_Ruc_Dni, 
		@Inv_Tipo_Doc, 
		@Inv_Serie, 
		@Inv_Numero, 
		@Inv_Fecha, 
		@Inv_Almacen_O_D, 
		@Inv_Responsable_Ruc_Dni, 
		@Inv_Libro,
		@Inv_Voucher ,
		'0001',
		@Usuario, 
		GETDATE(),
		@Maquina,
		@Inv_Base ,
		@Inv_Igv ,
		@Inv_Total ,
		@Inv_pdc_codigo,
		@Inv_pdv_codigo ,
		@Cja_Codigo ,
		@Cja_Aper_Cierre_Codigo ,
		@Cja_Aper_Cierre_Codigo_Item,
		@cja_Estado,@Inv_Es_Venta_Sin_Ticket,
		@Inv_Valor_Fact_Exonerada  ,
		@Inv_Exonerada  ,
		@Inv_Inafecta    ,
		@Inv_Isc_Importe    ,
		@Inv_Otros_Tributos_Importe ,
		@Inv_Es_Venta,
		@Inv_Condicion,@Inv_Est_Facturacion
        )

		EXEC dbo.pa_EMITIR_SERIES_NUMEROS @Id_Empresa , @Inv_Tipo_Doc, @Inv_Serie, @Inv_Numero;
END


GO


 
ALTER PROC CTB_MOVIMIENTO_INVENTARIO_CAB_LISTAR_VENTAS_SIN_TICKET
(
@Id_Empresa CHAR(3), 
@Id_Anio CHAR(4), 
@Id_Periodo CHAR(2)=NULL, 
@Id_Tipo_Mov CHAR(4)=NULL, 
@Id_Almacen CHAR(2)=NULL, 
@Id_Movimiento CHAR(10)=NULL
--,@Inv_Es_Venta_Sin_Ticket BIT =NULL,
--@Id_Tipo_Operacion CHAR(2)=NULL
)
AS
BEGIN
	SELECT cab.Id_Empresa, cab.Id_Anio, cab.Id_Periodo, 
		   cab.Id_Tipo_Mov,tipmov.Gen_Codigo_Interno,TipMov.Gen_Descripcion_Det, 
		   cab.Id_Almacen,al.Alm_Descrcipcion, 
	       cab.Id_Movimiento, cab.Id_Tipo_Operacion,oper.Top_Descripcion, 
		   ISNULL(cab.Inv_Tipo_Entidad,''),ISNULL(TipEnt.Ent_Descripcion,'') AS Ent_Descripcion, 
		   ISNULL(cab.Inv_Ruc_Dni,''), ISNULL(Enti.Ent_Razon_Social_Nombre,'') +' ' + ISNULL(Enti.Ent_Ape_Paterno,'') +' '+ ISNULL(Enti.Ent_Ape_Materno,'') AS Entidad, 
		   cab.Inv_Tipo_Doc,TipDoc.Nombre_Comprobante, cab.Inv_Serie, Inv_Numero, 
		   cab.Inv_Fecha, 
		   ISNULL(cab.Inv_Almacen_O_D,'') AS Inv_Almacen_O_D,ISNULL(aldo.Alm_Descrcipcion,'') AS Alm_Descrcipcion, 
		  ISNULL(cab.Inv_Responsable_Ruc_Dni,'') AS Inv_Responsable_Ruc_Dni,
		   ISNULL(EntiRes.Ent_Razon_Social_Nombre +' '+ EntiRes.Ent_Ape_Paterno +' '+ EntiRes.Ent_Ape_Materno,'')  AS Responsable, 
		   ISNULL(cab.Inv_Libro,'') AS Inv_Libro,ISNULL(cab.Inv_Voucher,'') AS Inv_Voucher,
		   ISNULL(cab.Inv_Glosa,'') AS Inv_Glosa,
		   ISNULL(cab.Inv_Es_Venta_Sin_Ticket,0) AS Inv_Es_Venta_Sin_Ticket,
		   ISNULL(cab.Inv_Base,0) AS Inv_Base,
		   ISNULL(cab.Inv_Igv,0) AS Inv_Igv,
		   ISNULL(cab.Inv_Total,0) AS Inv_Total,
		   ISNULL(cab.Cja_Codigo,'') AS Cja_Codigo,
		   ISNULL(cab.Cja_Aper_Cierre_Codigo,0) AS Cja_Aper_Cierre_Codigo,
		   ISNULL(cab.Cja_Aper_Cierre_Codigo_Item,0) AS Cja_Aper_Cierre_Codigo_Item,
		   ISNULL(cab.cja_Estado,'') AS cja_Estado,
		   ISNULL(LTRIM(RTRIM(pdv.Pdv_Nombre)),'') AS Pdv_Nombre,
		   ISNULL(est.Gen_Descripcion_Det,'') AS Estado_Fila,
		   ISNULL(cab.Inv_pdv_codigo,'') AS Inv_pdv_codigo ,
		   ISNULL(cab.Es_Atendido_Traspaso,0) AS Es_Atendido_Traspaso,
		   ISNULL(cab.Inv_Generado_En_Compra,0) AS Inv_Generado_En_Compra,
		   ISNULL(per.Descripcion_Periodo,'') AS Descripcion_Periodo,
		   ISNULL(cab.Inv_Condicion,'') AS Inv_Condicion
		   ,ISNULL(condi.Gen_Codigo_Interno,'') Inv_Condicion_Interno
		   ,ISNULL(Condi.Gen_Descripcion_Det,'') AS Inv_Condicion_Desc
		   ,ISNULL(cab.Inv_Est_Facturacion,'') AS Inv_Est_Facturacion
		   ,ISNULL(EstFac.Gen_Codigo_Interno,'') AS Inv_Est_Facturacion_Interno
		   ,ISNULL(EstFac.Gen_Descripcion_Det,'') AS Inv_Est_Facturacion_Desc
	FROM dbo.CTB_MOVIMIENTO_INVENTARIO_CAB cab WITH(NOLOCK)  
	INNER JOIN dbo.GNL_GENERAL_DET TipMov WITH(NOLOCK) ON TipMov.Id_General_Det=cab.Id_Tipo_Mov 
	INNER JOIN dbo.CTB_ALMACEN al WITH(NOLOCK) ON al.Id_Empresa=cab.Id_Empresa AND al.Id_Almacen=cab.Id_Almacen
	INNER JOIN dbo.CTB_TIPO_OPERACION oper WITH(NOLOCK) ON oper.Id_Operacion=cab.Id_Tipo_Operacion 
	INNER JOIN dbo.GNL_ENTIDAD Enti WITH(NOLOCK) ON enti.Ent_RUC_DNI=cab.Inv_Ruc_Dni
	INNER JOIN dbo.CTB_COMPROBANTE TipDoc WITH(NOLOCK) ON TipDoc.Id_Comprobante=cab.Inv_Tipo_Doc
	LEFT JOIN dbo.CTB_ALMACEN AlDO WITH(NOLOCK) ON aldo.Id_Empresa=cab.Id_Empresa AND aldo.Id_Almacen=cab.Inv_Almacen_O_D
	LEFT JOIN dbo.GNL_ENTIDAD EntiRes WITH(NOLOCK) ON EntiRes.Ent_RUC_DNI=cab.Inv_Responsable_Ruc_Dni
	LEFT JOIN dbo.GNL_TIPO_ENTIDAD TipEnt WITH(NOLOCK) ON TipEnt.Id_Tipo_Ent=cab.Inv_Tipo_Entidad
	LEFT JOIN dbo.VEN_PUNTO_VENTA pdv WITH(NOLOCK) ON pdv.Id_Empresa=cab.Id_Empresa AND pdv.Pdv_Codigo=cab.Inv_pdv_codigo
	INNER JOIN dbo.GNL_GENERAL_DET est WITH(NOLOCK) ON est.Id_General_Det=cab.Inv_Estado
	INNER JOIN dbo.GNL_PLANTILLA_PERIODO per WITH(NOLOCK) ON per.Id_Periodo = cab.Id_Periodo
	LEFT JOIN dbo.GNL_GENERAL_DET Condi WITH(NOLOCK) ON Condi.Id_General_Det=cab.Inv_Condicion
	LEFT JOIN dbo.GNL_GENERAL_DET EstFac WITH(NOLOCK) ON EstFac.Id_General_Det=cab.Inv_Est_Facturacion
	WHERE cab.Id_Empresa=@Id_Empresa AND	
	      cab.Id_Anio=@Id_Anio AND
         (@Id_Periodo IS NULL OR cab.Id_Periodo=@Id_Periodo) AND
         (@Id_Tipo_Mov IS NULL OR cab.Id_Tipo_Mov=@Id_Tipo_Mov )AND
         (@Id_Almacen IS NULL OR cab.Id_Almacen=@Id_Almacen) AND
         (@Id_Movimiento IS NULL OR cab.Id_Movimiento=@Id_Movimiento) AND	
		  cab.Inv_Estado <> '0003' AND
          ISNULL(cab.Inv_Es_Venta_Sin_Ticket,0)=1 
		  AND Id_Tipo_Operacion ='01' -- Solo ventas
		  --AND (@Id_Tipo_Operacion IS NULL OR Id_Tipo_Operacion=@Id_Tipo_Operacion)
		  
	ORDER BY cab.Inv_Numero DESC	
END


GO



 

ALTER PROC pa_CONSULTAR_VENTAS_CAJA_CONTADO
(
@Id_Empresa CHAR(3) ,
@ctb_pdv_codigo CHAR(2),
@Cja_Codigo CHAR(3),
@Cja_Aper_Cierre_Codigo INT,
@Cja_Aper_Cierre_Codigo_Item INT =NULL,
@cja_estado CHAR(4)
)
AS
BEGIN
SELECT ISNULL(SUM(cab.Ctb_Importe_Total),0) FROM dbo.CTB_MOVIMIENTO_CONTABLE_CAB cab
 WHERE Id_Empresa=@Id_Empresa AND
	   cab.ctb_pdv_codigo=@ctb_pdv_codigo AND
       cab.Cja_Codigo=@Cja_Codigo AND
       cab.Cja_Aper_Cierre_Codigo=@Cja_Aper_Cierre_Codigo AND
       cab.Cja_Aper_Cierre_Codigo_Item=@Cja_Aper_Cierre_Codigo_Item AND
       cab.Ctb_Estado='0001' AND
	   cab.Ctb_Condicion_Cod='0006'--CONTADO
       AND cab.cja_Estado=@cja_estado
END

GO



CREATE PROC pa_CONSULTAR_VENTAS_CAJA_CREDITO
(
@Id_Empresa CHAR(3) ,
@ctb_pdv_codigo CHAR(2),
@Cja_Codigo CHAR(3),
@Cja_Aper_Cierre_Codigo INT,
@Cja_Aper_Cierre_Codigo_Item INT =NULL,
@cja_estado CHAR(4)
)
AS
BEGIN
SELECT ISNULL(SUM(cab.Ctb_Importe_Total),0) FROM dbo.CTB_MOVIMIENTO_CONTABLE_CAB cab
 WHERE Id_Empresa=@Id_Empresa AND
	   cab.ctb_pdv_codigo=@ctb_pdv_codigo AND
       cab.Cja_Codigo=@Cja_Codigo AND
       cab.Cja_Aper_Cierre_Codigo=@Cja_Aper_Cierre_Codigo AND
       cab.Cja_Aper_Cierre_Codigo_Item=@Cja_Aper_Cierre_Codigo_Item AND
       cab.Ctb_Estado='0001' AND
	   cab.Ctb_Condicion_Cod='0007'--CREDITO
       AND cab.cja_Estado=@cja_estado
END

GO


 

ALTER PROC pa_CONSULTAR_VENTAS_INVENTARIO_CAJA_CONTADO
(
@Id_Empresa CHAR(3) ,
@ctb_pdv_codigo CHAR(2),
@Cja_Codigo CHAR(3),
@Cja_Aper_Cierre_Codigo INT,
@Cja_Aper_Cierre_Codigo_Item INT =NULL,
@cja_estado CHAR(4)
)
AS
BEGIN
SELECT ISNULL(SUM(cab.Inv_Total),0) FROM dbo.CTB_MOVIMIENTO_INVENTARIO_CAB cab
 WHERE Id_Empresa=@Id_Empresa AND
	   cab.Inv_pdv_codigo=@ctb_pdv_codigo AND
       cab.Cja_Codigo=@Cja_Codigo AND
       cab.Cja_Aper_Cierre_Codigo=@Cja_Aper_Cierre_Codigo AND
       cab.Cja_Aper_Cierre_Codigo_Item=@Cja_Aper_Cierre_Codigo_Item AND
       cab.Inv_Estado='0001' AND
       cab.cja_Estado=@cja_estado AND
       cab.Inv_Condicion='0006' --CONTADO
END

GO

ALTER PROC pa_CONSULTAR_VENTAS_INVENTARIO_CAJA_CREDITO
(
@Id_Empresa CHAR(3) ,
@ctb_pdv_codigo CHAR(2),
@Cja_Codigo CHAR(3),
@Cja_Aper_Cierre_Codigo INT,
@Cja_Aper_Cierre_Codigo_Item INT =NULL,
@cja_estado CHAR(4)
)
AS
BEGIN
SELECT ISNULL(SUM(cab.Inv_Total),0) FROM dbo.CTB_MOVIMIENTO_INVENTARIO_CAB cab
 WHERE Id_Empresa=@Id_Empresa AND
	   cab.Inv_pdv_codigo=@ctb_pdv_codigo AND
       cab.Cja_Codigo=@Cja_Codigo AND
       cab.Cja_Aper_Cierre_Codigo=@Cja_Aper_Cierre_Codigo AND
       cab.Cja_Aper_Cierre_Codigo_Item=@Cja_Aper_Cierre_Codigo_Item AND
       cab.Inv_Estado='0001' AND
       cab.cja_Estado=@cja_estado AND
       cab.Inv_Condicion='0007' --CREDITO
END

GO


 
CREATE PROC Pa_VEN_REPORTE_CORTE_CONTADO_CREDITO
(
@EmpresaCodigo CHAR(3),
@PdvCodigo CHAR(4),
@Cja_Codigo CHAR(10),
@Cja_Codigo_Apertura INT =NULL,
@Cja_Aper_Cierre_Codigo_Item INT =NULL
)
AS
BEGIN	
SET NOCOUNT ON	
	

 

		SELECT ISNULL(Cja_Total_Efectivo,0),
				ISNULL(Cja_Total_Credito,0),
				ISNULL(Cja_Total_Tarjeta,0) 
		FROM dbo.VEN_APERTURA_CIERRE_CAJA_DET
		WHERE Id_Empresa=@EmpresaCodigo AND 
		Pdv_Codigo=@PdvCodigo AND 
		Cja_Codigo=@Cja_Codigo AND  
		Cja_Aper_Cierre_Codigo=@Cja_Codigo_Apertura  AND
		Cja_Aper_Cierre_Codigo_Item = @Cja_Aper_Cierre_Codigo_Item

 
	SET NOCOUNT OFF
END	;

GO

 
CREATE PROC Pa_VEN_REPORTE_CIERRE_CONTADO_CREDITO
(
@EmpresaCodigo CHAR(3),
@PdvCodigo CHAR(4),
@Cja_Codigo CHAR(10),
@Cja_Codigo_Apertura INT =NULL 
--@Cja_Aper_Cierre_Codigo_Item INT =NULL
)
AS
BEGIN	
SET NOCOUNT ON	
	

 

		SELECT ISNULL(Cja_Total_Efectivo,0),
				ISNULL(Cja_Total_Credito,0),
				ISNULL(Cja_Total_Tarjeta,0) 
		FROM dbo.VEN_APERTURA_CIERRE_CAJA_CAB
		WHERE Id_Empresa=@EmpresaCodigo AND 
		Pdv_Codigo=@PdvCodigo AND 
		Cja_Codigo=@Cja_Codigo AND  
		Cja_Aper_Cierre_Codigo=@Cja_Codigo_Apertura  
		--AND Cja_Aper_Cierre_Codigo_Item = @Cja_Aper_Cierre_Codigo_Item

 
	SET NOCOUNT OFF
END	;

GO



ALTER PROC ps_PRODUCTOS_POR_PROVEEDOR
(
@Empresa CHAR(3)
)
AS
BEGIN

SELECT cab.Ctb_Fecha_Movimiento,cab.Ctb_Tipo_Doc,doc.Id_Sunat,doc.Nombre_Comprobante,
       cab.Ctb_Serie,cab.Ctb_Numero ,
	   cab.Ctb_Ruc_dni,
	   ISNULL(enti.Ent_Razon_Social_Nombre,'') +''+ ISNULL(enti.Ent_Ape_Paterno,'') +' '+ ISNULL(enti.Ent_Ape_Materno,'') Entidad
	   ,det.Adm_Catalogo,
	   cat.Cat_Descripcion,det.Adm_Cantidad,ISNULL(det.Adm_Valor_Unit,0) AS Precio_unitario

FROM dbo.CTB_MOVIMIENTO_CONTABLE_CAB cab
INNER JOIN dbo.CTB_MOVIMIENTO_ADM_CONTABLE_DET det ON det.Id_Empresa = cab.Id_Empresa AND det.Id_Anio = cab.Id_Anio AND det.Id_Periodo = cab.Id_Periodo AND det.Id_Libro = cab.Id_Libro AND det.Id_Voucher = cab.Id_Voucher
INNER JOIN dbo.CTB_COMPROBANTE doc ON doc.Id_Comprobante=cab.Ctb_Tipo_Doc
INNER JOIN dbo.GNL_ENTIDAD enti ON enti.Ent_RUC_DNI=cab.Ctb_Ruc_dni
INNER JOIN dbo.CTB_CATALOGO cat ON cat.Id_Empresa = det.Id_Empresa AND cat.Id_Tipo= det.Adm_Tipo_BSA AND cat.Id_Catalogo=det.Adm_Catalogo
WHERE cab.Id_Libro='007'
AND cab.Ctb_Estado='0001'
AND cab.Id_Empresa=@Empresa

END
GO

--EXEC pa_PENDIENTES_POR_COBRAR '003'


ALTER PROC pa_PENDIENTES_POR_COBRAR
(
@Id_Empresa CHAR(3) 
)
AS
BEGIN
	SELECT cab.Id_Empresa, cab.Id_Anio, cab.Id_Periodo, 
		   cab.Id_Tipo_Mov, 
		   cab.Id_Almacen, 
	       cab.Id_Movimiento, 
 		   ISNULL(cab.Inv_pdv_codigo,'') AS Inv_pdv_codigo,
		   ISNULL(LTRIM(RTRIM(pdv.Pdv_Nombre)),'') AS Pdv_Nombre,
		   ISNULL(cab.Inv_Condicion,'') AS Inv_Condicion
		   ,ISNULL(condi.Gen_Codigo_Interno,'') Inv_Condicion_Interno
		   ,ISNULL(Condi.Gen_Descripcion_Det,'') AS Inv_Condicion_Desc   ,
		   ISNULL(cab.Inv_Ruc_Dni,'') AS Inv_Ruc_Dni, ISNULL(Enti.Ent_Razon_Social_Nombre,'') +' ' + ISNULL(Enti.Ent_Ape_Paterno,'') +' '+ ISNULL(Enti.Ent_Ape_Materno,'') AS Entidad, 
		   cab.Inv_Tipo_Doc,TipDoc.Nombre_Comprobante, cab.Inv_Serie, Inv_Numero, 
		   cab.Inv_Fecha, 
 		   ISNULL(cab.Inv_Es_Venta_Sin_Ticket,0) AS Inv_Es_Venta_Sin_Ticket,
		   ISNULL(cab.Inv_Base,0) AS Inv_Base,
		   ISNULL(cab.Inv_Igv,0) AS Inv_Igv,
		   ISNULL(cab.Inv_Total,0) AS Inv_Total,
		   ISNULL(cab.Cja_Codigo,'') AS Cja_Codigo,
		   ISNULL(cab.Cja_Aper_Cierre_Codigo,0) AS Cja_Aper_Cierre_Codigo,
		   ISNULL(cab.Cja_Aper_Cierre_Codigo_Item,0) AS Cja_Aper_Cierre_Codigo_Item,
		   ISNULL(cab.cja_Estado,'') AS cja_Estado ,
		   '',''

	FROM dbo.CTB_MOVIMIENTO_INVENTARIO_CAB cab WITH(NOLOCK)  
 
	INNER JOIN dbo.GNL_ENTIDAD Enti WITH(NOLOCK) ON enti.Ent_RUC_DNI=cab.Inv_Ruc_Dni
	INNER JOIN dbo.CTB_COMPROBANTE TipDoc WITH(NOLOCK) ON TipDoc.Id_Comprobante=cab.Inv_Tipo_Doc
 	LEFT JOIN dbo.GNL_ENTIDAD EntiRes WITH(NOLOCK) ON EntiRes.Ent_RUC_DNI=cab.Inv_Responsable_Ruc_Dni
	 
	LEFT JOIN dbo.VEN_PUNTO_VENTA pdv WITH(NOLOCK) ON pdv.Id_Empresa=cab.Id_Empresa AND pdv.Pdv_Codigo=cab.Inv_pdv_codigo
	INNER JOIN dbo.GNL_GENERAL_DET est WITH(NOLOCK) ON est.Id_General_Det=cab.Inv_Estado
	--INNER JOIN dbo.GNL_PLANTILLA_PERIODO per WITH(NOLOCK) ON per.Id_Periodo = cab.Id_Periodo
	LEFT JOIN dbo.GNL_GENERAL_DET Condi WITH(NOLOCK) ON Condi.Id_General_Det=cab.Inv_Condicion
	WHERE cab.Id_Empresa=@Id_Empresa AND	 
		cab.Inv_Estado = '0001' AND
		ISNULL(cab.Inv_Es_Venta_Sin_Ticket,0)=1 
		AND Id_Tipo_Operacion ='01' -- Solo ventas
		AND cab.Id_Tipo_Mov='0035'
		AND cab.Inv_Condicion='0007' --credito
		AND cab.Inv_Est_Facturacion='0585'
 
	UNION ALL 
SELECT  
		cab.Id_Empresa, cab.Id_Anio, cab.Id_Periodo, 
		'' Id_Tipo_Mov,
		'' Id_Almacen,
		cab.Id_Movimiento,
		cab.Id_Pdv_Codigo,pdv.Pdv_Nombre,  
		cab.Ven_Condicion_Cod ,condi.Gen_Codigo_Interno,condi.Gen_Descripcion_Det,
		cab.Ven_Ruc_dni , ISNULL(enti.Ent_Razon_Social_Nombre,'') +' '+ ISNULL(enti.Ent_Ape_Paterno,'') +' '+ ISNULL(enti.Ent_Ape_Materno,'') AS Entidad,
		cab.Ven_Tipo_Doc, doc.Nombre_Comprobante, cab.Ven_Serie, cab.Ven_Numero,
		cab.Ven_Fecha_Movimiento, 
		CAST( 0  AS BIT ) ,
		cab.Ven_Base_Imponible, cab.Ven_Igv, 
		cab.Ven_Importe_Total, 
		cab.Cja_Codigo, cab.Cja_Aper_Cierre_Codigo, 
		cab.Cja_Aper_Cierre_Codigo_Item, cab.Cja_Estado,
		cab.Id_Libro, cab.Id_Voucher
 
 FROM dbo.VEN_MOVIMIENTO_CAB cab
 
INNER JOIN dbo.CTB_COMPROBANTE doc ON doc.Id_Comprobante=cab.Ven_Tipo_Doc
INNER JOIN dbo.VEN_PUNTO_VENTA pdv ON pdv.Id_Empresa=cab.Id_Empresa AND pdv.Pdv_Codigo=cab.Id_Pdv_Codigo
--INNER JOIN dbo.CTB_MONEDA mon ON mon.Id_Moneda=cab.Ven_Moneda_Cod
INNER JOIN dbo.GNL_ENTIDAD enti ON enti.Ent_RUC_DNI=cab.Ven_Ruc_dni
--INNER JOIN dbo.GNL_GENERAL_DET TipoPerDoc ON enti.Ent_Tipo_Doc=TipoPerDoc.Id_General_Det
INNER JOIN dbo.GNL_GENERAL_DET condi ON condi.Id_General_Det=cab.Ven_Condicion_Cod
--INNER JOIN dbo.CTB_ANALISIS_CONTABLE_CAB ana ON ana.Id_Empresa=cab.Id_Empresa AND ana.Id_Anio=cab.Id_Anio AND ana.Id_Analisis=cab.Ven_Analisis
--INNER JOIN dbo.GNL_PLANTILLA_PERIODO per ON per.Id_Periodo = cab.Id_Periodo
--INNER JOIN dbo.GNL_GENERAL_DET est ON est.Id_General_Det=cab.Ven_Estado
INNER JOIN dbo.GNL_GENERAL_DET caja ON caja.Id_General_Det=cab.Cja_Estado
 

WHERE cab.Ven_Estado<>'0003' AND
cab.Id_Empresa = @Id_Empresa   
 AND cab.Ven_Condicion_Cod='0007'
 AND cab.Est_Facturacion='0585'
ORDER BY cab.Id_Periodo DESC,cab.Id_Movimiento DESC 


END
GO


ALTER PROC pa_VEN_MOVIMIENTO_CAJA_DET_INSERTAR
(
@Id_Empresa CHAR(3), 
@Pdv_Codigo CHAR(2), 
@Cja_Codigo CHAR(3), 
@Cja_Aper_Cierre_Codigo INT, 
@Cja_Movimiento_Item INT, 
@Item INT, 
@Anio_Ref CHAR(4)	, 
@Periodo_Ref CHAR(2), 
@Id_Tipo_Mov_Ref CHAR(4), 
@Id_Almacen_Ref CHAR(2), 
@Id_Movimiento_Ref CHAR(10), 
@Es_Venta_Sin_Ticket BIT,
@Ruc_DNI VARCHAR(15) NULL,
@Total DECIMAL(18,4) NULL,
@TipoDoc VARCHAR(3) NULL,
@Serie VARCHAR(4) NULL,
@Numero VARCHAR(8) NULL,
@Maquina VARCHAR(50),
@Usuario VARCHAR(50)
)
AS
BEGIN
	
 

	SET @Cja_Movimiento_Item= (SELECT TOP 1 Cja_Movimiento_Item  FROM dbo.VEN_MOVIMIENTO_CAJA m 
							  WHERE m.Id_Empresa=@Id_Empresa AND 
									m.Pdv_Codigo=@Pdv_Codigo AND 
									m.Cja_Codigo=@Cja_Codigo AND
									m.Cja_Aper_Cierre_Codigo=@Cja_Aper_Cierre_Codigo 
									ORDER BY Cja_Movimiento_Item desc)


 


INSERT INTO dbo.VEN_MOVIMIENTO_CAJA_DET (
Id_Empresa ,Pdv_Codigo ,  Cja_Codigo ,  Cja_Aper_Cierre_Codigo ,  Cja_Movimiento_Item ,
Item ,Anio_Ref ,Periodo_Ref ,Id_Tipo_Mov_Ref , Id_Almacen_Ref ,Id_Movimiento_Ref ,  Es_Venta_Sin_Ticket,
Ruc_DNI ,Total  ,TipoDoc ,Serie  ,Numero 
 )
VALUES ( @Id_Empresa ,@Pdv_Codigo ,@Cja_Codigo ,@Cja_Aper_Cierre_Codigo ,@Cja_Movimiento_Item ,
@Item ,@Anio_Ref ,@Periodo_Ref ,@Id_Tipo_Mov_Ref ,@Id_Almacen_Ref ,@Id_Movimiento_Ref ,@Es_Venta_Sin_Ticket,
@Ruc_DNI ,@Total,@TipoDoc ,@Serie  ,@Numero  
    
)


IF (@Es_Venta_Sin_Ticket = 0) BEGIN

	UPDATE dbo.VEN_MOVIMIENTO_CAB
	SET Est_Facturacion='0587'
	WHERE  
	Id_Empresa = @Id_Empresa  AND
	Id_Anio = @Anio_Ref AND
	Id_Periodo = @Periodo_Ref  AND
	Id_Pdv_Codigo = @Pdv_Codigo  AND
	Id_Movimiento = @Id_Movimiento_Ref  


	DECLARE	@Id_Libro CHAR(3), @Id_Voucher CHAR(10)

	SELECT @Id_Libro=Id_Libro ,@Id_Voucher=Id_Voucher from dbo.VEN_MOVIMIENTO_CAB
	WHERE  
		Id_Empresa = @Id_Empresa  AND
		Id_Anio = @Anio_Ref AND
		Id_Periodo = @Periodo_Ref AND
		Id_Pdv_Codigo = @Pdv_Codigo AND
		Id_Movimiento = @Id_Movimiento_Ref

	UPDATE dbo.CTB_MOVIMIENTO_CONTABLE_CAB 
	SET	Est_Facturacion='0587'
	WHERE Id_Empresa=@Id_Empresa AND
	      Id_Anio=@Anio_Ref AND
		  Id_Periodo=@Periodo_Ref AND	
		  Id_Libro=@Id_Libro AND
		  Id_Voucher=@Id_Voucher

		  --ACTUALIZAR EL ESTADO DE FACTURACION EN INVENTARIO TAMBIEN
   DECLARE @Inv_Empresa CHAR(4),@Inv_Anio CHAR(4),@Inv_Periodo CHAR(2), @Inv_Tipo_mov CHAR(4),@Id_Almacen CHAR(2),@Inv_Id_Movimiento CHAR(10);

	SELECT @Inv_Empresa=DocRf.Id_Empresa ,
	       @Inv_Anio=DocRf.Id_Anio,
		   @Inv_Periodo=DocRf.Id_Periodo,
		   @Inv_Tipo_mov=DocRf.Id_Tipo_Mov,
		   @Id_Almacen=DocRf.Id_Almacen,
		   @Inv_Id_Movimiento=DocRf.Id_Movimiento
	FROM dbo.CTB_MOVIMIENTO_INVENTARIO_CAB DocRf WITH(NOLOCK)
	WHERE DocRf.Id_Empresa=@Id_Empresa AND DocRf.Id_Anio=@Anio_Ref AND 
		  DocRf.Id_Periodo=@Periodo_Ref AND DocRf.Inv_Voucher=@Id_Voucher 

 

	UPDATE dbo.CTB_MOVIMIENTO_INVENTARIO_CAB 
		SET Inv_Est_Facturacion='0587' 
		    ,Fecha_Modi=GETDATE()
	WHERE Id_Empresa=@Inv_Empresa AND 
	      Id_Anio=@Inv_Anio AND
		  Id_Periodo= @Inv_Periodo AND 
		  Id_Tipo_Mov=@Inv_Tipo_mov AND 
		  Id_Almacen=@Id_Almacen AND 
	      Id_Movimiento=@Inv_Id_Movimiento ;







END
ELSE BEGIN

		UPDATE dbo.CTB_MOVIMIENTO_INVENTARIO_CAB 
	SET	Inv_Est_Facturacion='0587',
		Maquina_Modi=@Maquina,
		Usuario_Modi=@Usuario,
		Fecha_Modi=GETDATE()
		
	WHERE Id_Empresa=@Id_Empresa AND
	      Id_Anio=@Anio_Ref AND
		  Id_Periodo=@Periodo_Ref AND	
		  Id_Tipo_Mov=@Id_Tipo_Mov_Ref AND
		  Id_Almacen=@Id_Almacen_Ref AND
		  Id_Movimiento=@Id_Movimiento_Ref

END




END
GO



ALTER PROC pa_CTB_MOVIMIENTO_CONTABLE_CAB_INSERTAR_ADM_VENTAS
(
@Id_Empresa CHAR(3), 
@Id_Anio CHAR(4), 
@Id_Periodo CHAR(2), 
@Id_Libro CHAR(3), 
@Id_Voucher CHAR(10) OUTPUT, 
@Ctb_Glosa VARCHAR(200), 
@Ctb_Tipo_Doc CHAR(3)=NULL, 
@Ctb_Serie CHAR(4)=NULL, 
@Ctb_Numero CHAR(8)=NULL, 
@Ctb_Fecha_Movimiento DATE, 
@Ctb_Tipo_Ent CHAR(1)=NULL,
@Ctb_Ruc_dni CHAR(11)=NULL, 
@Ctb_Condicion_Cod CHAR(4)=NULL, 
@Ctn_Moneda_Cod CHAR(3)=NULL, 
@Ctb_Tipo_Cambio_Cod CHAR(3)=NULL, 
@Ctb_Tipo_Cambio_desc VARCHAR(50)=NULL, 
@Ctb_Tipo_Cambio_Valor DECIMAL(18,4), 
@Ctb_Base_Imponible DECIMAL(18,4)=NULL, 
@Ctb_Igv DECIMAL(18,4)=NULL, 
@Ctb_Base_Imponible2 DECIMAL(18,4)=NULL, 
@Ctb_Igv2 DECIMAL(18,4)=NULL, 
@Ctb_Base_Imponible3 DECIMAL(18,4)=NULL, 
@Ctb_Igv3 DECIMAL(18,4)=NULL, 
@Ctb_Importe_Total DECIMAL(18,4)=NULL, 
@Ctb_Isc BIT=NULL, 
@Ctb_Isc_Importe DECIMAL(18,4)=NULL, 
@Ctb_Otros_Tributos BIT=NULL, 
@Ctb_Otros_Tributos_Importe DECIMAL(18,4)=NULL, 
@Ctb_No_Gravadas DECIMAL(18,4)=NULL, 
@Ctb_Valor_Fact_Exonerada  DECIMAL(18,4)=NULL, 
@Ctb_Exonerada  DECIMAL(18,4)=NULL, 
@Ctb_Inafecta  DECIMAL(18,4)=NULL, 

@Ctb_Afecto_RE BIT=NULL,
@Ctb_Afecto_Tipo CHAR(4)=NULL,
@Ctb_Afecto_Tipo_Doc CHAR(3)=NULL,
@Ctb_Afecto_Serie CHAR(8)=NULL,
@Ctb_Afecto_Numero CHAR(25)=NULL,
@Ctb_Afecto_Porcentaje DECIMAL(10,2)=NULL,
@Ctb_Afecto_Monto DECIMAL(18,2)=NULL,
@Ctb_Tasa_IGV DECIMAL(10,2)=NULL,
@Ctb_Analisis CHAR(3) =NULL,

@Ctb_Afecto_Fecha DATE=NULL,
@Ctb_Fecha_Vencimiento date	=NULL,
@ctb_pdc_codigo CHAR(2) =NULL,
@ctb_pdv_codigo CHAR(2) =NULL,
@Usuario VARCHAR(50), 
@Maquina VARCHAR(50),
@Cja_Codigo CHAR(3)=NULL,
@Cja_Aper_Cierre_Codigo  INT=NULL,
@Cja_Aper_Cierre_Codigo_Item INT NULL,
@cja_Estado CHAR(4),
@Est_Facturacion CHAR(4) =null
)
AS
BEGIN
   
      
    EXEC pa_Generar_Folio_Movimiento_Contable 1, @Id_Empresa, @Id_Anio, @Id_Periodo, @Id_Libro, @Id_Voucher OUTPUT ;  
	
	INSERT INTO dbo.CTB_MOVIMIENTO_CONTABLE_CAB
				( Id_Empresa ,
				Id_Anio ,
				Id_Periodo ,
				Id_Libro ,
				Id_Voucher ,
				Ctb_Glosa ,
				Ctb_Tipo_Doc ,
				Ctb_Serie ,
				Ctb_Numero ,
				Ctb_Fecha_Movimiento ,
				Ctb_Tipo_Ent,
				Ctb_Ruc_dni ,
				Ctb_Condicion_Cod ,
				Ctn_Moneda_Cod ,
				Ctb_Tipo_Cambio_Cod ,
				Ctb_Tipo_Cambio_desc ,
				Ctb_Tipo_Cambio_Valor ,
				Ctb_Base_Imponible ,
				Ctb_Igv ,
				Ctb_Base_Imponible2 ,
				Ctb_Igv2 ,
				Ctb_Base_Imponible3 ,
				Ctb_Igv3 ,
				Ctb_Importe_Total ,
				Ctb_Isc ,
				Ctb_Isc_Importe ,
				Ctb_Otros_Tributos ,
				Ctb_Otros_Tributos_Importe ,
				Ctb_No_Gravadas ,
				Ctb_Valor_Fact_Exonerada  , 
				Ctb_Exonerada  , 
				Ctb_Inafecta  , 
				Ctb_Afecto_RE,
				Ctb_Afecto_Tipo,
				Ctb_Afecto_Tipo_Doc,
				Ctb_Afecto_Serie,
				Ctb_Afecto_Numero,
				Ctb_Afecto_Porcentaje,
				Ctb_Afecto_Monto,
				Ctb_Estado ,
				Ctb_Tasa_IGV,
				Ctb_Analisis ,
				Ctb_Afecto_Fecha ,
				Ctb_Fecha_Vencimiento,
				ctb_pdc_codigo,
				ctb_pdv_codigo,

				Usuario_Crea ,
				Fecha_Crea ,
				Maquina_Crea,
				Cja_Codigo,
				Cja_Aper_Cierre_Codigo,
				Cja_Aper_Cierre_Codigo_Item,
				cja_Estado,
				Est_Facturacion
	        )
	VALUES  ( 
				@Id_Empresa ,
				@Id_Anio ,
				@Id_Periodo ,
				@Id_Libro ,
				@Id_Voucher ,
				@Ctb_Glosa ,
				@Ctb_Tipo_Doc ,
				@Ctb_Serie ,
				@Ctb_Numero ,
				@Ctb_Fecha_Movimiento ,
				@Ctb_Tipo_Ent ,
				@Ctb_Ruc_dni ,
				@Ctb_Condicion_Cod ,
				@Ctn_Moneda_Cod ,
				@Ctb_Tipo_Cambio_Cod ,
				@Ctb_Tipo_Cambio_desc ,
				@Ctb_Tipo_Cambio_Valor ,
				@Ctb_Base_Imponible ,
				@Ctb_Igv ,
				@Ctb_Base_Imponible2 ,
				@Ctb_Igv2 ,
				@Ctb_Base_Imponible3 ,
				@Ctb_Igv3 ,
				@Ctb_Importe_Total ,
				@Ctb_Isc ,
				@Ctb_Isc_Importe ,
				@Ctb_Otros_Tributos ,
				@Ctb_Otros_Tributos_Importe ,
				@Ctb_No_Gravadas ,
				@Ctb_Valor_Fact_Exonerada  , 
				@Ctb_Exonerada  , 
				@Ctb_Inafecta  , 
				@Ctb_Afecto_RE,
				@Ctb_Afecto_Tipo,
				@Ctb_Afecto_Tipo_Doc,
				@Ctb_Afecto_Serie,
				@Ctb_Afecto_Numero,
				@Ctb_Afecto_Porcentaje,
				@Ctb_Afecto_Monto,
				'0001' ,
				@Ctb_Tasa_IGV,
				@Ctb_Analisis ,
				@Ctb_Afecto_Fecha ,
				@Ctb_Fecha_Vencimiento,
				@ctb_pdc_codigo,
				@ctb_pdv_codigo,
				@Usuario,
				GETDATE() ,
				@Maquina,
				@Cja_Codigo,
				@Cja_Aper_Cierre_Codigo,
				@Cja_Aper_Cierre_Codigo_Item,
				@cja_Estado,
				@Est_Facturacion
	        )


			-- ACTUALIZA EL LIBRO,VOUCHER CONTABLE EN INVENTARIO

			UPDATE dbo.CTB_MOVIMIENTO_INVENTARIO_CAB
			SET Inv_Libro=@Id_Libro ,
				Inv_Voucher= @Id_Voucher 
			WHERE Inv_Tipo_Doc= @Ctb_Tipo_Doc AND 
				  Inv_Serie=@Ctb_Serie AND 
				  Inv_Numero=@Ctb_Numero
			
			-- ACTUALIZA VOUCHER EN LA TABLA VENTAS

		  UPDATE dbo.VEN_MOVIMIENTO_CAB 
			SET Id_Voucher=@Id_Voucher			
			WHERE Ven_Tipo_Doc= @Ctb_Tipo_Doc AND 
				  Ven_Serie=@Ctb_Serie AND 
				  Ven_Numero=@Ctb_Numero
				 
END	



GO



ALTER PROC pa_CTB_MOVIMIENTO_CONTABLE_CAB_LISTAR_ADM_VENTAS
(
@Id_Empresa CHAR(3),
@Id_Anio CHAR(4),
@Id_Periodo CHAR(2)=NULL,
@Id_Libro CHAR	(3),
@Id_Voucher CHAR(10)=NULL
)
AS
BEGIN
SET NOCOUNT ON	
	SELECT Mov.Id_Empresa, Mov.Id_Anio, Mov.Id_Periodo, Mov.Id_Libro, Mov.Id_Voucher, 
	ISNULL(Mov.Ctb_Glosa,''), ISNULL(Mov.Ctb_Tipo_Doc,''),ISNULL(TipDoc.Nombre_Comprobante,''), 
	ISNULL(Mov.Ctb_Serie,''),ISNULL(Mov.Ctb_Numero,''),ISNULL(Mov.Ctb_Fecha_Movimiento,''), 
	ISNULL(Mov.Ctb_Tipo_Ent,'') AS Ctb_Tipo_Ent,
	ISNULL(Mov.Ctb_Ruc_dni ,'') AS Ctb_Ruc_dni,
	ISNULL(Enti.Ent_Ape_Materno,'') +' ' + ISNULL(Enti.Ent_Ape_Paterno,'') +' '+ ISNULL(Enti.Ent_Razon_Social_Nombre,'') AS Entidad, 
	ISNULL(Mov.Ctb_Condicion_Cod,'') AS Ctb_Condicion_Cod,
	ISNULL(Cond.Gen_Codigo_Interno,'') AS Gen_Codigo_Interno,
	ISNULL(Cond.Gen_Descripcion_Det,''),
	ISNULL(Mov.Ctn_Moneda_Cod,''),
	ISNULL(Mon.Nombre_Moneda,''),
	ISNULL(Mov.Ctb_Tipo_Cambio_Cod,''),
	ISNULL(Mov.Ctb_Tipo_Cambio_Desc,''), 
	ISNULL(Mov.Ctb_Tipo_Cambio_Valor,0), 
	ISNULL(Mov.Ctb_Base_Imponible,0), 
	ISNULL(Mov.Ctb_Igv,0), 
	ISNULL(Mov.Ctb_Base_Imponible2,0), 
	ISNULL(Mov.Ctb_Igv2,0), 
	ISNULL(Mov.Ctb_Base_Imponible3,0), 
	ISNULL(Mov.Ctb_Igv3,0), 
	ISNULL(Mov.Ctb_Importe_Total,0), 
	ISNULL(Mov.Ctb_Isc,0), 
	ISNULL(Mov.Ctb_Isc_Importe,0), 
	ISNULL(Mov.Ctb_Otros_Tributos,0), 
	ISNULL(Mov.Ctb_Otros_Tributos_Importe,0), 
	ISNULL(Mov.Ctb_No_Gravadas,0),
	ISNULL(Mon.Mon_Nacional,0),
	ISNULL(Ctb_Valor_Fact_Exonerada,0)  , 
	ISNULL(Ctb_Exonerada ,0) , 
	ISNULL(Ctb_Inafecta,0) ,
	ISNULL(Mov.Ctb_Afecto_RE,0),
	ISNULL(mov.Ctb_Afecto_Tipo,''),
	--ISNULL(Regimen.Gen_Codigo_Interno,''),
	--ISNULL(Regimen.Gen_Descripcion_Det,''),
	ISNULL(mov.Ctb_Afecto_Tipo_Doc,''),
	--ISNULL(TipDocReg.Nombre_Comprobante,''),
	ISNULL(mov.Ctb_Afecto_Serie,''),
	ISNULL(mov.Ctb_Afecto_Numero,''),
	ISNULL(mov.Ctb_Afecto_Porcentaje,0),
	ISNULL(mov.Ctb_Afecto_Monto,0),
	ISNULL(mov.Ctb_Tasa_IGV,0),
	ISNULL(est.Gen_Descripcion_Det,'') AS Gen_Descripcion_Det,
	ISNULL(mov.Ctb_Analisis,'') AS Ctb_Analisis, 
	--ISNULL(ana.Ana_Descripcion,''),
	ISNULL(mov.Ctb_Afecto_Fecha,'01/01/1900'),
	ISNULL(mov.Ctb_Fecha_Vencimiento,'01/01/1900'),
	ISNULL(TipDoc.Id_Sunat,'') AS TipDocSunat,
	ISNULL(Mon.Id_Sunat,'') AS MonSUnat,
	--ISNULL(per.Descripcion_Periodo,'') AS PeriodoDesc,
	--ISNULL(mov.ctb_pdc_codigo,'') AS ctb_pdc_codigo,
	--ISNULL(pdc.Pdc_Nombre,'') AS Pdc_Nombre,
	ISNULL(mov.ctb_pdv_codigo,'') AS ctb_pdv_codigo ,
	ISNULL(pdv.Pdv_Nombre,'') AS Pdv_Nombre,
	ISNULL(Cja_Codigo,'') AS Cja_Codigo,
	ISNULL(Cja_Aper_Cierre_Codigo,0) AS Cja_Aper_Cierre_Codigo,
	ISNULL(Cja_Aper_Cierre_Codigo_Item,0) AS Cja_Aper_Cierre_Codigo_Item,
	ISNULL(cja_Estado,'') AS cja_Estado
	,ISNULL(mov.Est_Facturacion,'') AS Est_Facturacion
	,ISNULL(EstFact.Gen_Codigo_Interno,'') AS Est_Facturacion_Interno
	,ISNULL(EstFact.Gen_Descripcion_Det,'') AS Est_Facturacion_Desc

	FROM dbo.CTB_MOVIMIENTO_CONTABLE_CAB Mov WITH(NOLOCK) 
	LEFT JOIN dbo.CTB_COMPROBANTE TipDoc WITH(NOLOCK) ON 
		TipDoc.Id_Comprobante=Mov.Ctb_Tipo_Doc
	LEFT JOIN dbo.GNL_ENTIDAD Enti WITH(NOLOCK) ON 
		Enti.Ent_RUC_DNI=Mov.Ctb_Ruc_dni
	LEFT JOIN dbo.GNL_GENERAL_DET Cond WITH(NOLOCK) ON 
		Cond.Id_General_Det=Mov.Ctb_Condicion_Cod
	LEFT JOIN dbo.CTB_MONEDA Mon WITH(NOLOCK) ON 
		Mon.Id_Moneda=Mov.Ctn_Moneda_Cod
	--LEFT JOIN dbo.GNL_GENERAL_DET Regimen WITH(NOLOCK) ON 
	--   Regimen.Id_General_Det=mov.Ctb_Afecto_Tipo
	--LEFT JOIN dbo.CTB_COMPROBANTE TipDocReg WITH(NOLOCK) ON 
	--	tipdocreg.Id_Comprobante=Mov.Ctb_Afecto_Tipo_Doc
	LEFT JOIN dbo.GNL_GENERAL_DET Est WITH(NOLOCK) ON 
		Est.Id_General_Det=mov.Ctb_Estado
	--LEFT	 JOIN dbo.CTB_ANALISIS_CONTABLE_CAB ana WITH(NOLOCK) ON 
	--	ana.Id_Empresa=mov.Id_Empresa AND 
	--	ana.Id_Anio=Mov.Id_Anio AND 
	--	ana.Id_Analisis=mov.Ctb_Analisis
	--INNER JOIN dbo.EMPRESA_EJERCICIO per WITH(NOLOCK) ON 
	--	per.Id_Empresa=mov.Id_Empresa AND 
	--	per.Id_Anio=mov.Id_Anio AND 
	--	per.Id_Periodo=mov.Id_Periodo
	--LEFT JOIN dbo.LOG_PUNTO_COMPRA pdc WITH(NOLOCK) ON pdc.Id_Empresa=Mov.Id_Empresa AND pdc.Pdc_Codigo=mov.ctb_pdc_codigo
	LEFT JOIN dbo.VEN_PUNTO_VENTA pdv WITH(NOLOCK) ON pdv.Id_Empresa=mov.Id_Empresa AND pdv.Pdv_Codigo=mov.ctb_pdv_codigo
	LEFT JOIN dbo.GNL_GENERAL_DET EstFact WITH(NOLOCK) ON EstFact.Id_General_Det = Mov.Est_Facturacion
	WHERE Mov.Id_Empresa=@Id_Empresa AND 
		  Mov.Id_Anio=@Id_Anio AND	
		 (@Id_Periodo IS NULL OR Mov.Id_Periodo=@Id_Periodo) AND	
		  Mov.Id_Libro=@Id_Libro AND
          (@Id_Voucher IS NULL OR Mov.Id_Voucher=@Id_Voucher) AND	
		  Mov.Ctb_Estado <>'0003'
		  ORDER BY Mov.Id_Voucher desc

SET NOCOUNT OFF
END

GO














SELECT * FROM dbo.CTB_LIBRO_CONTABLE


SELECT * FROM dbo.VEN_APERTURA_CIERRE_CAJA_DET
SELECT * FROM dbo.GNL_GENERAL_DET WHERE Id_General ='0003'
SELECT *  FROM dbo.VEN_MOVIMIENTO_NC_DOCS 
SELECT * FROM dbo.FACTE_CFG_TIPO_AFECTACION_IGV
SELECT * FROM dbo.VEN_MOVIMIENTO_LOTE_DET
SELECT * FROM dbo.VEN_MOVIMIENTO_CAB WHERE Id_Anio='2021'
SELECT * FROM dbo.CTB_MOVIMIENTO_CONTABLE_DET WHERE Id_Libro='008' AND Id_Anio='2021'
SELECT * FROM dbo.CTB_MOVIMIENTO_ADM_CONTABLE_DET WHERE Id_Libro='008' AND Id_Anio='2021'
SELECT * FROM dbo.VEN_MOVIMIENTO_DET WHERE Id_Anio='2021'
SELECT * FROM dbo.GNL_GENERAL_DET WHERE Id_General='1009'
SELECT * FROM dbo.GNL_GENERAL_DET WHERE Id_General_Det='0565'




